"District IRN","District Name","County","Region","Teachers attendance rate 2012-13","Average Years of teacher experience","Number of Full Time teachers","Number of full time teachers who have at least a bachelors","Number of full time teachers who have at least a masters","% of Core Courses Taught by a Properly Certified Teacher","% of Core Courses Not Taught by a Highly Qualified Teacher","% of Teachers who have at least a bachelors","% of Teachers who have at least a masters","Average teacher salary","% of Core Courses Taught by Teacher with a Temporary Certificate","Watermark"
"000442","Manchester Local","Adams","Region 14","94.5","14","52","52","32","99.6","0","100.0","61.4","52227","0",""
"043489","Akron City","Summit","Region 8","100","13","1431","1420","969","94","1.5","99.2","67.7","62947","0",""
"043497","Alliance City","Stark","Region 9","96","11","230","226","123","99.4","0.9","98.3","53.5","50977","0",""
"043505","Ashland City","Ashland","Region 7","94.7","13","229","223","163","99.6","0","97.4","71.3","51359","0",""
"043513","Ashtabula Area City","Ashtabula","Region 5","93.8","16","212","212","159","100","0","100.0","74.9","52224","0",""
"043521","Athens City","Athens","Region 16","93.5","8","202","202","147","99.2","0","100.0","72.8","58787","0",""
"043539","Barberton City","Summit","Region 8","95.9","15","245","245","184","99.9","0","100.0","75.1","58218","0",""
"043547","Bay Village City","Cuyahoga","Region 3","96.1","10","160","160","119","98.6","0","100.0","74.7","70967","0",""
"043554","Beachwood City","Cuyahoga","Region 3","94.5","13","135","135","114","97.9","0","100.0","83.9","79495","0",""
"043562","Bedford City","Cuyahoga","Region 3","94.3","7","225","222","116","99.7","0","98.7","51.3","63163","0",""
"043570","Bellaire Local","Belmont","Region 12","94.8","14","78","77","57","95.1","2.6","98.7","73.9","46424","0",""
"043588","Bellefontaine City","Logan","Region 6","94.9","15","183","183","134","100","0","100.0","73.4","47586","0",""
"043596","Bellevue City","Huron","Region 2","95.9","17","128","128","78","100","0","100.0","60.6","53463","0",""
"043604","Belpre City","Washington","Region 16","93.8","6","57","56","42","100","0","98.3","73.8","51242","0",""
"043612","Berea City","Cuyahoga","Region 3","95.8","18","442","439","281","100","0.8","99.3","63.6","64056","0",""
"043620","Bexley City","Franklin","Region 11","94.8","18","154","154","132","100","0","100.0","85.2","74925","0",""
"043638","Bowling Green City","Wood","Region 1","96.4","17","175","175","143","100","0","100.0","81.4","64452","0",""
"043646","Brecksville-Broadview Heights City","Cuyahoga","Region 3","94.2","11","219","219","185","100","0","100.0","84.6","78304","0",""
"043653","Brooklyn City","Cuyahoga","Region 3","100","6","91","91","55","100","0","100.0","60.1","60610","0",""
"043661","Brunswick City","Medina","Region 8","96.7","13","419","419","307","99.8","0","100.0","73.4","60002","0",""
"043679","Bryan City","Williams","Region 1","95.9","16","143","143","102","99.6","0.3","100.0","71.0","51691","0",""
"043687","Bucyrus City","Crawford","Region 7","93.5","15","101","101","69","100","0","100.0","68.4","48771","0",""
"043695","Cambridge City","Guernsey","Region 12","94.3","17","148","148","108","100","0","100.0","73.0","47567","0",""
"043703","Campbell City","Mahoning","Region 5","94.8","16","99","99","40","98.7","0.7","99.7","40.1","56258","0","District results under review by the Ohio Department of Education based upon 2011 findings by the Auditor of State."
"043711","Canton City","Stark","Region 9","94.6","14","658","644","476","97.3","0.7","97.9","72.3","56358","0","District results under review by the Ohio Department of Education based upon 2011 findings by the Auditor of State."
"043729","Celina City","Mercer","Region 6","95.1","16","197","193","152","99","0.9","98.0","77.0","52826","0",""
"043737","Centerville City","Montgomery","Region 10","96.4","13","526","507","355","94","0","96.4","67.4","61758","0",""
"043745","Chillicothe City","Ross","Region 15","95.7","16","192","192","120","98.5","0","100.0","62.7","52468","0",""
"043752","Cincinnati City","Hamilton","Region 13","95.2","18","1985","1978","1385","83.8","7.2","99.6","69.8","63901","0","District results under review by the Ohio Department of Education based upon 2011 findings by the Auditor of State."
"043760","Circleville City","Pickaway","Region 11","94.2","14","142","142","96","98.9","2.2","100.0","67.7","60118","0",""
"043778","Claymont City","Tuscarawas","Region 12","94.8","12","144","144","92","100","0","100.0","64.1","46816","0",""
"043786","Cleveland Municipal City","Cuyahoga","Region 3","89.3","17","2853","2853","2478","95.3","5.1","100.0","86.9","69314","0","District results under review by the Ohio Department of Education based upon 2011 findings by the Auditor of State."
"043794","Cleveland Heights-University Heights City","Cuyahoga","Region 3","93","10","501","501","381","99.1","0.3","100.0","76.1","68972","0",""
"043802","Columbus City","Franklin","Region 11","92.3","14","2957","2944","1977","98.5","4.3","99.6","66.9","66614","0","District results under review by the Ohio Department of Education based upon 2011 findings by the Auditor of State."
"043810","Conneaut Area City","Ashtabula","Region 5","94.4","14","106","106","87","100","0","100.0","81.7","51792","0",""
"043828","Coshocton City","Coshocton","Region 12","96.7","14","108","108","79","100","0","100.0","72.8","51071","0",""
"043836","Cuyahoga Falls City","Summit","Region 8","93.7","14","317","315","197","99.5","0","99.4","62.1","52654","0",""
"043844","Dayton City","Montgomery","Region 10","94.4","17","972","958","568","95.2","3.3","98.6","58.5","52715","0",""
"043851","Deer Park Community City","Hamilton","Region 13","94.7","14","73","73","56","99.7","0","100.0","77.3","62827","0",""
"043869","Defiance City","Defiance","Region 1","96.3","17","147","147","96","100","0","100.0","65.4","49748","0",""
"043877","Delaware City","Delaware","Region 11","95.2","13","310","309","226","98.5","0","99.7","72.8","57700","0",""
"043885","Delphos City","Allen","Region 6","95.9","19","62","62","26","100","0","100.0","41.1","52178","0",""
"043893","Dover City","Tuscarawas","Region 12","96.4","18","151","151","108","100","0","100.0","71.7","55763","0",""
"043901","East Cleveland City","Cuyahoga","Region 3","90.5","16","229","226","162","99","1","98.7","71.0","64920","0",""
"043919","East Liverpool City","Columbiana","Region 5","94.2","16","171","170","93","99.4","0","99.4","54.3","49798","0",""
"043927","East Palestine City","Columbiana","Region 5","95.5","14","72","72","36","98.1","2.1","99.0","49.3","44588","0",""
"043935","Eaton Community City","Preble","Region 10","95.5","19","117","117","94","100","0","100.0","79.7","54794","0",""
"043943","Elyria City","Lorain","Region 2","93.9","14","468","466","334","98.3","0.7","99.6","71.2","56541","0",""
"043950","Euclid City","Cuyahoga","Region 3","96.2","15","369","364","260","99.9","1.2","98.8","70.5","63349","0",""
"043968","Fairborn City","Greene","Region 10","94.7","16","262","262","183","100","0","100.0","69.9","57460","0",""
"043976","Fairview Park City","Cuyahoga","Region 3","95.1","18","99","99","62","100","0","100.0","63.1","66180","0",""
"043984","Findlay City","Hancock","Region 1","95.7","14","334","328","205","99.9","0","98.2","61.2","56808","0",""
"043992","Fostoria City","Seneca","Region 1","95","13","120","120","74","100","0","100.0","62.1","49791","0",""
"044008","Franklin City","Warren","Region 13","95.4","13","195","195","136","99.9","0","100.0","70.1","56537","0",""
"044016","Fremont City","Sandusky","Region 1","95.7","13","246","246","141","100","0","100.0","57.4","54504","0",""
"044024","Galion City","Crawford","Region 7","95","20","106","106","74","98.2","0","100.0","69.7","53185","0",""
"044032","Gallipolis City","Gallia","Region 16","99.4","17","129","128","100","95.2","0","99.2","77.5","51840","0",""
"044040","Garfield Heights City","Cuyahoga","Region 3","95.8","11","210","210","107","100","0","100.0","51.0","59930","0",""
"044057","Geneva Area City","Ashtabula","Region 5","95.1","16","132","132","91","99.7","0","100.0","69.1","56644","0",""
"044065","Girard City","Trumbull","Region 5","93.7","15","108","108","38","100","0","100.0","35.1","48606","0",""
"044073","Grandview Heights City","Franklin","Region 11","95.8","12","91","91","41","95.5","0","100.0","44.8","71261","0",""
"044081","Winton Woods City","Hamilton","Region 13","94.6","12","214","214","134","99","0","100.0","63.0","58349","0","District results under review by the Ohio Department of Education based upon 2011 findings by the Auditor of State."
"044099","Greenville City","Darke","Region 10","94.1","15","216","213","146","99.5","0","98.6","67.7","50505","0",""
"044107","Hamilton City","Butler","Region 13","95.8","11","520","516","319","100","0","99.2","61.3","52655","0",""
"044115","Heath City","Licking","Region 11","94.4","16","96","96","79","97.4","2.3","99.8","82.0","54057","0",""
"044123","Hillsboro City","Highland","Region 14","94.8","12","163","163","97","100","0","100.0","59.5","47094","0",""
"044131","Huron City","Erie","Region 2","94.6","15","88","88","56","100","0","100.0","63.7","59159","0",""
"044149","Ironton City","Lawrence","Region 15","93.9","17","97","97","55","99.5","0","100.0","56.9","44172","0",""
"044156","Jackson City","Jackson","Region 16","96.1","15","165","165","100","99.3","0","100.0","60.9","47766","0",""
"044164","Kent City","Portage","Region 8","95.5","12","285","285","170","99.9","0.2","100.0","59.7","65730","0",""
"044172","Kenton City","Hardin","Region 6","94.3","16","129","125","93","100","0","96.9","72.4","50777","0",""
"044180","Kettering City","Montgomery","Region 10","95.7","18","465","460","353","97.2","0","98.8","75.7","64289","0",""
"044198","Lakewood City","Cuyahoga","Region 3","95","14","364","359","243","100","0","98.6","66.9","68457","0",""
"044206","Lancaster City","Fairfield","Region 11","96.2","10","366","366","223","98.7","0","100.0","60.8","55703","0",""
"044214","Lebanon City","Warren","Region 13","95.9","11","282","281","191","100","0","99.6","67.9","54373","0",""
"044222","Lima City","Allen","Region 6","94.3","14","296","296","183","99.9","0.2","100.0","61.9","46652","0",""
"044230","Lockland Local","Hamilton","Region 13","97.5","16","51","51","28","97.6","0.8","100.0","55.8","46605","0",""
"044248","Logan-Hocking Local","Hocking","Region 16","94.5","17","230","229","170","98.7","1.3","99.8","74.0","53701","0",""
"044255","London City","Madison","Region 11","94.2","7","131","131","50","99.8","0","100.0","38.3","51015","0",""
"044263","Lorain City","Lorain","Region 2","92.5","17","400","395","302","98.5","0","98.7","75.5","63807","0",""
"044271","Loveland City","Hamilton","Region 13","95.3","16","240","240","203","100","0","100.0","84.7","68787","0",""
"044289","Madeira City","Hamilton","Region 13","96.1","13","93","92","61","100","0","98.9","65.6","68546","0",""
"044297","Mansfield City","Richland","Region 7","93.3","17","318","315","154","97.9","2.7","99.1","48.4","53826","0",""
"044305","Maple Heights City","Cuyahoga","Region 3","93.9","10","220","206","94","97.3","0.3","93.6","42.9","60866","0",""
"044313","Mariemont City","Hamilton","Region 13","96.4","21","108","108","94","98.9","0","99.5","86.5","70539","0",""
"044321","Marietta City","Washington","Region 16","95.4","16","163","163","105","99.5","1.9","100.0","64.4","46155","0",""
"044339","Marion City","Marion","Region 7","95.6","15","336","336","262","99.9","0","100.0","77.9","49036","0",""
"044347","Martins Ferry City","Belmont","Region 12","96.2","15","96","96","37","90.6","0","100.0","38.5","44584","0",""
"044354","Massillon City","Stark","Region 9","94.9","16","261","259","166","100","4.3","99.2","63.4","53393","0",""
"044362","Maumee City","Lucas","Region 1","95","18","179","179","137","100","0","100.0","76.5","69008","0",""
"044370","Mayfield City","Cuyahoga","Region 3","93.8","17","318","314","249","97.9","0.1","98.6","78.3","76207","0",""
"044388","Medina City","Medina","Region 8","93.8","16","363","363","296","99.9","0","100.0","81.5","71009","0",""
"044396","Miamisburg City","Montgomery","Region 10","95.8","13","345","343","237","100","0","99.4","68.8","54584","0",""
"044404","Middletown City","Butler","Region 13","95.9","14","416","415","321","99.8","0.2","99.8","77.1","57229","0",""
"044412","Mt Healthy City","Hamilton","Region 13","94.3","14","208","207","110","100","0","99.5","53.0","54022","0",""
"044420","Mount Vernon City","Knox","Region 7","95.2","16","249","249","152","99.6","0.1","100.0","61.1","56300","0",""
"044438","Napoleon Area City","Henry","Region 1","93.4","13","128","128","60","99.7","0","100.0","46.7","51784","0",""
"044446","Nelsonville-York City","Athens","Region 16","93.6","12","86","86","48","100","0","100.0","55.6","48579","0",""
"044453","Newark City","Licking","Region 11","94.1","13","390","390","248","100","0","100.0","63.6","51285","0",""
"044461","New Boston Local","Scioto","Region 15","94.8","14","36","36","21","98.7","0","100.0","58.9","42518","0",""
"044479","New Lexington City","Perry","Region 16","93.8","13","123","123","75","100","0","100.0","61.2","49130","0",""
"044487","New Philadelphia City","Tuscarawas","Region 12","95.5","14","198","198","136","100","0","100.0","68.7","50027","0",""
"044495","Niles City","Trumbull","Region 5","93.6","16","152","152","53","99.7","0","100.0","34.7","49712","0",""
"044503","North Canton City","Stark","Region 9","96.2","13","291","291","170","100","0","100.0","58.4","56487","0",""
"044511","North College Hill City","Hamilton","Region 13","95.7","12","87","87","47","100","0","100.0","54.2","53909","0",""
"044529","North Olmsted City","Cuyahoga","Region 3","95.3","15","226","226","196","100","0","100.0","86.6","71247","0",""
"044537","North Ridgeville City","Lorain","Region 2","95.1","14","220","220","124","99.9","0","100.0","56.1","51738","0",""
"044545","North Royalton City","Cuyahoga","Region 3","95.4","11","240","240","138","99.6","0","100.0","57.4","69410","0",""
"044552","Norton City","Summit","Region 8","95.6","13","151","149","84","100","0","98.7","55.4","53183","0",""
"044560","Norwalk City","Huron","Region 2","94.7","13","167","167","94","100","0","100.0","56.4","54578","0",""
"044578","Norwood City","Hamilton","Region 13","95.7","12","161","161","100","95.9","0.5","100.0","62.0","57118","0",""
"044586","Oakwood City","Montgomery","Region 10","96","13","148","148","125","99.7","0","100.0","84.5","67386","0",""
"044594","Oberlin City","Lorain","Region 2","96","12","77","76","37","98.1","0","98.7","48.5","54285","0",""
"044602","Oregon City","Lucas","Region 1","94.8","14","218","218","152","96.8","0","99.8","69.9","62504","0",""
"044610","Orrville City","Wayne","Region 9","96.5","17","99","99","76","100","0","100.0","76.3","55215","0",""
"044628","Painesville City Local","Lake","Region 4","95.7","12","192","192","128","97.6","1","100.0","66.9","57882","0",""
"044636","Parma City","Cuyahoga","Region 3","94.7","13","805","800","547","99.8","0.2","99.3","68.0","60345","0",""
"044644","Piqua City","Miami","Region 10","95.7","13","192","192","151","99.4","0","100.0","78.3","53947","0",""
"044651","Port Clinton City","Ottawa","Region 1","95.1","5","125","115","60","98.7","0","92.0","48.1","56869","0",""
"044669","Portsmouth City","Scioto","Region 15","94.1","18","131","131","90","100","0","100.0","68.5","52049","0",""
"044677","Princeton City","Hamilton","Region 13","94.1","12","369","368","276","96.5","0","99.7","74.9","66109","0",""
"044685","Ravenna City","Portage","Region 8","95.4","11","170","170","123","97.3","0","100.0","72.4","57171","0",""
"044693","Reading Community City","Hamilton","Region 13","96.6","15","102","102","79","99.8","0","100.0","77.0","57906","0",""
"044701","Rocky River City","Cuyahoga","Region 3","95.9","16","151","151","115","100","0","100.0","75.9","73200","0",""
"044719","St Bernard-Elmwood Place City","Hamilton","Region 13","96.1","14","74","74","36","99","2.3","100.0","49.1","63441","0",""
"044727","St Marys City","Auglaize","Region 6","96.1","18","136","136","114","99.4","0.5","100.0","83.3","56948","0",""
"044735","Salem City","Columbiana","Region 5","94.4","15","132","132","93","99.8","0","100.0","70.6","50638","0",""
"044743","Sandusky City","Erie","Region 2","96.4","18","236","235","165","99.6","0.5","99.8","70.0","63453","0",""
"044750","Shaker Heights City","Cuyahoga","Region 3","96.1","13","384","384","304","100","0","100.0","79.3","71960","0",""
"044768","Sheffield-Sheffield Lake City","Lorain","Region 2","94.5","11","123","123","88","97.5","0","100.0","71.3","52674","0",""
"044776","Shelby City","Richland","Region 7","95","15","127","127","49","100","0","100.0","38.3","50830","0",""
"044784","Sidney City","Shelby","Region 6","95.5","15","179","179","146","100","0","100.0","81.7","55054","0",""
"044792","South Euclid-Lyndhurst City","Cuyahoga","Region 3","94.3","15","243","242","204","100","0","99.8","83.9","70193","0",""
"044800","South-Western City","Franklin","Region 11","94.6","14","1256","1256","877","97.8","0.2","100.0","69.8","61141","0",""
"044818","Springfield City","Clark","Region 10","95.2","15","486","483","249","98.2","0.5","99.5","51.3","53165","0",""
"044826","Steubenville City","Jefferson","Region 12","96.3","17","164","163","95","95.6","0","99.4","58.0","44189","0",""
"044834","Stow-Munroe Falls City","Summit","Region 8","94.8","17","292","292","123","100","0","100.0","41.9","62515","0",""
"044842","Strongsville City","Cuyahoga","Region 3","78.7","9","410","397","317","100","0","96.8","77.1","63338","0",""
"044859","Struthers City","Mahoning","Region 5","94.3","15","128","128","73","98.9","0","100.0","56.8","55348","0",""
"044867","Sycamore Community City","Hamilton","Region 13","94.9","16","354","354","295","99.3","0.1","100.0","83.3","71073","0",""
"044875","Sylvania City","Lucas","Region 1","95.1","14","508","508","371","98.8","0.7","100.0","73.1","63882","0",""
"044883","Tallmadge City","Summit","Region 8","95.5","8","156","156","88","100","1.9","100.0","56.2","57676","0",""
"044891","Tiffin City","Seneca","Region 7","93.8","16","147","147","77","99.9","0","100.0","52.6","49954","0",""
"044909","Toledo City","Lucas","Region 1","95.2","16","1350","1349","750","92.9","3.8","99.9","55.5","52890","0","District results under review by the Ohio Department of Education based upon 2011 findings by the Auditor of State."
"044917","Toronto City","Jefferson","Region 12","94.4","20","56","56","30","100","0","100.0","53.7","41184","0",""
"044925","Troy City","Miami","Region 10","95.8","14","242","242","180","100","0","100.0","74.1","57482","0",""
"044933","Upper Arlington City","Franklin","Region 11","95.6","16","407","407","330","98.9","0.2","99.9","81.1","77679","0",""
"044941","Urbana City","Champaign","Region 6","95.6","18","142","138","90","99","0","97.5","63.6","57652","0",""
"044958","Vandalia-Butler City","Montgomery","Region 10","94.7","17","193","193","140","100","0","100.0","72.7","59352","0",""
"044966","Van Wert City","Van Wert","Region 1","97.5","17","132","131","90","100","0","99.2","68.1","51660","0",""
"044974","Wadsworth City","Medina","Region 8","95.4","16","233","233","182","100","0","100.0","78.1","63821","0",""
"044982","Wapakoneta City","Auglaize","Region 6","94.5","18","149","149","123","99.9","1","100.0","82.8","55921","0",""
"044990","Warren City","Trumbull","Region 5","94","14","367","367","198","99.7","1.7","100.0","53.9","50686","0",""
"045005","Warrensville Heights City","Cuyahoga","Region 3","91.3","11","108","103","75","97.4","5.8","95.4","69.4","65482","0",""
"045013","Washington Court House City","Fayette","Region 14","95.2","14","140","140","108","99.5","0","100.0","77.1","47763","0",""
"045021","Wellston City","Jackson","Region 16","94.3","14","112","112","60","99.6","0","100.0","53.7","47703","0",""
"045039","Wellsville Local","Columbiana","Region 5","93.8","11","57","57","36","99.7","0","100.0","64.0","45124","0",""
"045047","Westerville City","Franklin","Region 11","93.6","13","832","831","555","100","0.1","99.9","66.6","62670","0",""
"045054","West Carrollton City","Montgomery","Region 10","95.7","13","215","215","160","96.2","0","100.0","74.4","57756","0",""
"045062","Westlake City","Cuyahoga","Region 3","94.7","16","262","262","183","99.6","0","100.0","70.0","75615","0",""
"045070","Whitehall City","Franklin","Region 11","93.4","10","195","193","122","98.4","0","99.0","62.7","58702","0",""
"045088","Wickliffe City","Lake","Region 4","93.8","18","111","110","84","98.2","0","99.1","75.4","57721","0",""
"045096","Willard City","Huron","Region 7","93.8","20","105","105","69","100","0","100.0","65.3","56366","0",""
"045104","Willoughby-Eastlake City","Lake","Region 4","96","7","586","581","340","99.1","0","99.1","57.9","63634","0",""
"045112","Wilmington City","Clinton","Region 14","94.9","16","154","154","98","100","0","100.0","63.3","54145","0",""
"045120","Wooster City","Wayne","Region 9","95.5","14","244","244","111","100","0","100.0","45.3","55371","0",""
"045138","Worthington City","Franklin","Region 11","95.9","18","612","612","483","100","0.5","100.0","78.9","71849","0",""
"045146","Wyoming City","Hamilton","Region 13","96.6","16","145","145","108","100","0","100.0","74.4","63309","0",""
"045153","Xenia Community City","Greene","Region 10","93.3","13","280","280","211","99.8","0.1","100.0","75.3","57287","0",""
"045161","Youngstown City","Mahoning","Region 5","93.5","15","453","450","252","98.4","0.9","99.3","55.6","52528","0",""
"045179","Zanesville City","Muskingum","Region 12","93.7","16","192","190","130","99","0.5","99.2","67.7","51925","0",""
"045187","Ada Exempted Village","Hardin","Region 6","94.7","11","51","51","33","100","0","100.0","64.7","50577","0",""
"045195","Amherst Exempted Village","Lorain","Region 2","94.5","15","226","226","156","100","0.1","100.0","69.2","61891","0",""
"045203","Barnesville Exempted Village","Belmont","Region 12","94.5","16","74","74","42","100","0","100.0","57.2","45868","0",""
"045211","Bluffton Exempted Village","Allen","Region 6","95.8","18","57","57","48","100","0","100.0","83.6","53450","0",""
"045229","Bradford Exempted Village","Miami","Region 10","95.4","12","36","36","22","100","0","100.0","61.0","44937","0",""
"045237","Bridgeport Exempted Village","Belmont","Region 12","94.8","12","54","54","31","100","0","100.0","57.4","41008","0",""
"045245","Harrison Hills City","Harrison","Region 12","94.4","16","93","93","51","100","0","100.0","54.7","44039","0",""
"045252","Caldwell Exempted Village","Noble","Region 12","94","15","55","55","37","97.1","3.4","100.0","67.1","45756","0",""
"045260","Carey Exempted Village","Wyandot","Region 7","96.8","16","57","57","37","100","0","100.0","64.7","50693","0",""
"045278","Carrollton Exempted Village","Carroll","Region 12","94.4","15","134","133","80","98.7","0","99.3","59.7","51801","0",""
"045286","Chagrin Falls Exempted Village","Cuyahoga","Region 3","93.4","20","141","141","118","99.5","1","100.0","83.5","67157","0",""
"045294","Chesapeake Union Exempted Village","Lawrence","Region 15","93.8","11","85","83","48","100","0","97.6","56.2","49018","0",""
"045302","Clyde-Green Springs Exempted Village","Sandusky","Region 1","95.4","16","131","131","98","95.7","0","100.0","74.9","56826","0",""
"045310","Coldwater Exempted Village","Mercer","Region 6","94.8","16","96","95","81","99.1","0","99.0","84.8","56649","0",""
"045328","Columbiana Exempted Village","Columbiana","Region 5","95.7","13","66","66","38","100","0","100.0","57.1","44456","0",""
"045336","Covington Exempted Village","Miami","Region 10","95.2","16","50","50","26","95.7","0","100.0","51.9","48245","0",""
"045344","Crestline Exempted Village","Crawford","Region 7","92.5","16","46","46","28","98.8","3.1","100.0","61.0","46870","0",""
"045351","Crooksville Exempted Village","Perry","Region 16","94.2","14","72","72","39","97.4","0","100.0","54.6","44819","0",""
"045369","Fairport Harbor Exempted Village","Lake","Region 4","93.6","14","30","30","17","89.3","91.1","100.0","55.9","54035","0",""
"045377","Georgetown Exempted Village","Brown","Region 14","95.8","12","64","64","33","99.2","0","100.0","51.3","46085","0",""
"045385","Gibsonburg Exempted Village","Sandusky","Region 1","95.9","16","66","65","47","100","0","98.5","71.4","55422","0",""
"045393","Granville Exempted Village","Licking","Region 11","93.9","13","144","144","114","98.3","0","100.0","79.1","60163","0",""
"045401","Greenfield Exempted Village","Highland","Region 14","94.7","13","122","122","66","100","0","100.0","53.9","48143","0",""
"045419","Hicksville Exempted Village","Defiance","Region 1","93.8","12","71","71","41","100","1.1","100.0","57.6","48174","0",""
"045427","Hubbard Exempted Village","Trumbull","Region 5","94.5","17","112","112","68","95.5","0","100.0","61.2","54365","0",""
"045435","Indian Hill Exempted Village","Hamilton","Region 13","96.2","12","149","149","98","97.1","0","100.0","65.5","71911","0",""
"045443","Leetonia Exempted Village","Columbiana","Region 5","94","20","50","50","32","99.1","0","100.0","64.2","45526","0",""
"045450","Lisbon Exempted Village","Columbiana","Region 5","95.1","19","72","72","48","99.2","1.6","100.0","66.4","51668","0",""
"045468","Loudonville-Perrysville Exempted Village","Ashland","Region 7","96","18","82","82","59","100","0","100.0","71.8","52782","0",""
"045476","Marysville Exempted Village","Union","Region 11","94.9","13","310","310","241","100","7.1","100.0","77.8","55477","0",""
"045484","Mechanicsburg Exempted Village","Champaign","Region 6","92.8","17","57","57","36","100","0","100.0","63.2","49408","0",""
"045492","Mentor Exempted Village","Lake","Region 4","95.6","14","512","512","366","99.6","0.1","100.0","71.6","69123","0",""
"045500","Milford Exempted Village","Clermont","Region 13","95.8","13","341","341","279","100","0","100.0","81.9","61756","0",""
"045518","Milton-Union Exempted Village","Miami","Region 10","95.4","17","84","84","56","100","0.8","100.0","66.1","54659","0",""
"045526","Montpelier Exempted Village","Williams","Region 1","95.9","11","66","66","35","90.9","2","100.0","53.1","42246","0",""
"045534","Mount Gilead Exempted Village","Morrow","Region 7","95.3","14","80","80","48","100","0","100.0","60.0","47755","0",""
"045542","Newcomerstown Exempted Village","Tuscarawas","Region 12","95.4","14","79","79","24","100","0","100.0","30.4","40906","0",""
"045559","New Richmond Exempted Village","Clermont","Region 13","96.6","16","150","149","119","99.5","0","99.3","79.2","62913","0",""
"045567","Newton Falls Exempted Village","Trumbull","Region 5","93.9","19","80","80","46","98.9","0","100.0","57.6","49342","0",""
"045575","Paulding Exempted Village","Paulding","Region 1","96.1","15","106","106","76","100","0","100.0","71.7","50097","0",""
"045583","Perrysburg Exempted Village","Wood","Region 1","96.3","10","251","251","174","99.5","0","100.0","69.2","60362","0",""
"045591","Rittman Exempted Village","Wayne","Region 9","95.5","17","73","73","50","100","0","100.0","69.0","46083","0",""
"045609","Rossford Exempted Village","Wood","Region 1","95.1","10","119","119","85","99.4","0","100.0","70.9","69686","0",""
"045617","Tipp City Exempted Village","Miami","Region 10","96","16","145","145","101","100","0","100.0","69.5","54658","0",""
"045625","Upper Sandusky Exempted Village","Wyandot","Region 7","95.5","21","96","96","61","98.3","0","100.0","63.5","54280","0",""
"045633","Versailles Exempted Village","Darke","Region 10","93.8","11","71","71","53","100","0","100.0","74.9","56229","0",""
"045641","Wauseon Exempted Village","Fulton","Region 1","96.2","21","121","121","78","100","0","100.0","64.3","56594","0",""
"045658","Wellington Exempted Village","Lorain","Region 2","95.9","13","83","80","34","100","0","96.4","40.8","51335","0",""
"045666","Windham Exempted Village","Portage","Region 8","94.4","21","53","52","29","100","0","98.1","55.1","51270","0",""
"045674","Yellow Springs Exempted Village","Greene","Region 10","95.4","19","45","45","37","100","0","100.0","80.6","58897","0",""
"045757","Allen East Local","Allen","Region 6","95.3","14","62","62","45","99.7","0","100.0","73.4","47649","0",""
"045765","Bath Local","Allen","Region 6","95.3","15","99","97","75","96","0","98.0","75.6","55915","0",""
"045773","Elida Local","Allen","Region 6","94.6","16","134","134","81","99.4","0","100.0","60.9","55424","0",""
"045781","Perry Local","Allen","Region 6","94.3","13","49","49","25","95","0","99.0","51.5","49058","0",""
"045799","Shawnee Local","Allen","Region 6","95.8","13","141","140","99","100","0","99.6","70.4","52019","0",""
"045807","Spencerville Local","Allen","Region 6","95.7","13","58","57","29","96.9","0.6","98.3","49.5","50939","0",""
"045823","Hillsdale Local","Ashland","Region 7","94.4","18","60","60","44","100","0","100.0","73.3","56850","0",""
"045831","Mapleton Local","Ashland","Region 7","95.8","17","65","65","39","100","0","100.0","60.1","42605","0",""
"045856","Buckeye Local","Ashtabula","Region 5","94.3","14","104","104","63","99.2","0","100.0","60.5","57112","0",""
"045864","Grand Valley Local","Ashtabula","Region 5","93.8","17","81","81","60","100","0","100.0","74.7","51727","0",""
"045872","Jefferson Area Local","Ashtabula","Region 5","93.9","16","109","109","75","100","0","100.0","68.9","52236","0",""
"045880","Pymatuning Valley Local","Ashtabula","Region 5","93.6","13","80","80","41","98.6","0","100.0","51.7","50246","0",""
"045906","Alexander Local","Athens","Region 16","93.1","14","105","105","73","99.8","0","100.0","70.1","50618","0",""
"045914","Federal Hocking Local","Athens","Region 16","94.1","11","85","77","43","99.3","0","90.6","51.2","45534","0",""
"045922","Trimble Local","Athens","Region 16","93.4","19","60","60","43","100","0","100.0","70.7","53107","0",""
"045948","Minster Local","Auglaize","Region 6","96.4","22","54","54","51","100","0.8","100.0","94.4","57222","0",""
"045955","New Bremen Local","Auglaize","Region 6","95.7","19","55","55","45","100","0","100.0","81.6","56503","0",""
"045963","New Knoxville Local","Auglaize","Region 6","96.7","13","32","32","25","97","1","100.0","78.1","48069","0",""
"045971","Waynesfield-Goshen Local","Auglaize","Region 6","95.3","17","39","39","26","100","0","100.0","66.3","47095","0",""
"045997","St Clairsville-Richland City","Belmont","Region 12","94.1","15","106","106","67","100","0","100.0","63.7","47089","0",""
"046003","Shadyside Local","Belmont","Region 12","94.1","19","49","49","28","100","0","100.0","57.0","49223","0",""
"046011","Union Local","Belmont","Region 12","93.2","18","104","104","74","97.7","1.4","100.0","71.2","48302","0",""
"046037","Eastern Local","Brown","Region 14","95","20","71","71","49","100","0.3","100.0","69.1","53436","0",""
"046045","Fayetteville-Perry Local","Brown","Region 14","94","11","55","55","30","100","0","100.0","54.7","48990","0",""
"046060","Western Brown Local","Brown","Region 14","95","16","152","152","127","100","0","100.0","83.6","58106","0",""
"046078","Ripley-Union-Lewis-Huntington Local","Brown","Region 14","96.3","12","75","73","47","100","0","97.3","62.7","47101","0",""
"046094","Edgewood City","Butler","Region 13","94.9","14","211","211","169","100","0","100.0","80.0","54841","0",""
"046102","Fairfield City","Butler","Region 13","95","14","497","496","353","100","0","99.8","71.0","54484","0",""
"046110","Lakota Local","Butler","Region 13","96","15","782","782","630","99.9","0","100.0","80.6","64142","0",""
"046128","Madison Local","Butler","Region 13","95.3","11","92","90","45","99.8","0","97.8","48.4","50604","0",""
"046136","New Miami Local","Butler","Region 13","95.9","10","51","51","32","100","0","100.0","63.8","44890","0",""
"046144","Ross Local","Butler","Region 13","96.3","13","147","146","96","100","0","99.3","65.5","54532","0",""
"046151","Talawanda City","Butler","Region 13","94.6","13","201","201","131","100","0","100.0","65.2","57317","0",""
"046177","Brown Local","Carroll","Region 12","95.5","16","47","47","13","100","2.1","100.0","27.6","43783","0",""
"046193","Graham Local","Champaign","Region 6","95.9","17","97","97","69","99.6","1.3","100.0","70.9","52357","0",""
"046201","Triad Local","Champaign","Region 6","94.5","16","66","66","36","100","0","100.0","55.2","49515","0",""
"046219","West Liberty-Salem Local","Champaign","Region 6","94.1","17","80","80","51","100","0","100.0","63.9","50979","0",""
"046235","Greenon Local","Clark","Region 10","94.9","13","100","100","71","98.9","1.1","100.0","71.0","54486","0",""
"046243","Tecumseh Local","Clark","Region 10","94.4","17","173","172","138","99.8","0","99.4","79.8","57489","0",""
"046250","Northeastern Local","Clark","Region 10","95.2","12","204","204","119","99.6","0.4","100.0","58.3","51225","0",""
"046268","Northwestern Local","Clark","Region 10","94.7","15","104","104","67","100","0","100.0","64.1","50519","0",""
"046276","Southeastern Local","Clark","Region 10","96.1","17","53","53","39","100","0.7","100.0","73.7","55445","0",""
"046284","Clark-Shawnee Local","Clark","Region 10","94.9","19","114","114","87","100","0","100.0","75.7","62397","0",""
"046300","Batavia Local","Clermont","Region 13","95.9","15","117","117","71","100","0.5","100.0","61.0","54105","0",""
"046318","Bethel-Tate Local","Clermont","Region 13","95.5","17","108","108","84","100","0","100.0","78.1","51983","0",""
"046326","Clermont Northeastern Local","Clermont","Region 13","95.4","16","87","87","66","100","0","100.0","75.6","54079","0",""
"046334","Felicity-Franklin Local","Clermont","Region 13","95.5","19","63","63","38","100","0","100.0","61.1","51724","0",""
"046342","Goshen Local","Clermont","Region 13","95.3","12","154","154","114","100","0","100.0","74.3","53351","0",""
"046359","West Clermont Local","Clermont","Region 13","95.1","15","457","457","375","100","1.7","100.0","82.0","59834","0",""
"046367","Williamsburg Local","Clermont","Region 13","95.7","18","53","53","44","99.1","0","100.0","84.1","55426","0",""
"046383","Blanchester Local","Clinton","Region 14","96.2","12","96","96","61","98.8","0","100.0","63.6","45752","0",""
"046391","Clinton-Massie Local","Clinton","Region 14","95.2","15","107","107","75","100","0","100.0","70.4","52914","0",""
"046409","East Clinton Local","Clinton","Region 14","94.9","13","88","88","68","100","0","100.0","77.2","46919","0",""
"046425","Beaver Local","Columbiana","Region 5","94.3","14","123","123","87","98.7","1.1","100.0","70.5","51148","0",""
"046433","Crestview Local","Columbiana","Region 5","95.5","17","73","73","45","100","0","99.7","61.4","47487","0",""
"046441","Southern Local","Columbiana","Region 5","95.4","15","66","66","32","100","0","100.0","48.7","37828","0",""
"046458","United Local","Columbiana","Region 5","95.6","15","86","86","53","100","0","100.0","61.1","46882","0",""
"046474","Ridgewood Local","Coshocton","Region 12","97","15","69","69","43","100","0","100.0","62.3","50253","0",""
"046482","River View Local","Coshocton","Region 12","95.4","13","144","144","94","100","0","100.0","65.2","47517","0",""
"046508","Buckeye Central Local","Crawford","Region 7","94.8","12","52","52","36","100","0","100.0","69.3","47834","0",""
"046516","Colonel Crawford Local","Crawford","Region 7","95.5","20","64","63","29","98.9","1.1","98.4","45.7","48661","0",""
"046524","Wynford Local","Crawford","Region 7","94.4","15","70","70","44","100","0.4","100.0","62.6","49020","0",""
"046557","Cuyahoga Heights Local","Cuyahoga","Region 3","95.5","26","55","55","43","100","0","100.0","77.8","76745","0",""
"046565","Independence Local","Cuyahoga","Region 3","95.1","13","77","77","65","95.4","0","100.0","83.4","68971","0",""
"046573","Olmsted Falls City","Cuyahoga","Region 3","96.9","12","200","200","169","99.9","0","100.0","84.5","65287","0",""
"046581","Orange City","Cuyahoga","Region 3","92.8","11","189","185","139","98.4","1","97.6","73.5","81459","0",""
"046599","Richmond Heights Local","Cuyahoga","Region 3","93.8","11","61","58","31","100","2.3","95.1","50.0","60384","0",""
"046607","Solon City","Cuyahoga","Region 3","95.6","16","318","318","276","100","0","100.0","86.8","76580","0",""
"046623","Ansonia Local","Darke","Region 10","95.9","17","51","50","37","100","0","98.0","73.5","48942","0",""
"046631","Arcanum-Butler Local","Darke","Region 10","94.3","16","67","67","42","100","0.6","100.0","62.6","52756","0",""
"046649","Franklin Monroe Local","Darke","Region 10","94.5","17","42","42","32","100","0","100.0","76.7","50619","0",""
"046672","Mississinawa Valley Local","Darke","Region 10","94.8","16","48","48","30","100","0","100.0","61.6","52024","0",""
"046680","Tri-Village Local","Darke","Region 10","94.4","14","47","47","38","100","0","100.0","80.7","45281","0",""
"046706","Ayersville Local","Defiance","Region 1","95.7","20","56","56","43","96.5","0","100.0","77.4","55388","0",""
"046714","Central Local","Defiance","Region 1","94","15","74","74","46","100","0","100.0","62.3","51933","0",""
"046722","Northeastern Local","Defiance","Region 1","95.6","21","72","72","51","99.5","0.5","100.0","71.0","51134","0",""
"046748","Big Walnut Local","Delaware","Region 11","95.3","14","174","173","104","99.9","0","99.4","59.7","60412","0",""
"046755","Buckeye Valley Local","Delaware","Region 11","95.3","13","145","145","83","99.9","0","100.0","57.3","50962","0",""
"046763","Olentangy Local","Delaware","Region 11","95","12","1011","1011","792","99.7","0","100.0","78.3","62777","0",""
"046789","Edison Local","Erie","Region 2","95","19","88","88","67","99.8","0","100.0","75.6","59884","0",""
"046805","Margaretta Local","Erie","Region 2","94.7","16","79","79","61","100","0","100.0","77.9","53523","0",""
"046813","Perkins Local","Erie","Region 2","95.5","7","154","154","98","98.4","0.4","100.0","63.6","59215","0",""
"046821","Vermilion Local","Erie","Region 2","95.2","12","115","115","77","100","0.9","100.0","67.0","55010","0",""
"046847","Amanda-Clearcreek Local","Fairfield","Region 11","94.8","13","91","91","52","100","0","100.0","56.5","47040","0",""
"046854","Berne Union Local","Fairfield","Region 11","96.1","12","57","57","30","100","0","100.0","52.4","47781","0",""
"046862","Bloom-Carroll Local","Fairfield","Region 11","93.2","16","104","104","57","100","0","100.0","55.0","52220","0",""
"046870","Fairfield Union Local","Fairfield","Region 11","95.8","22","101","101","75","100","0","100.0","74.1","59023","0",""
"046888","Liberty Union-Thurston Local","Fairfield","Region 11","95.6","10","85","85","57","98.6","0","100.0","67.4","48077","0",""
"046896","Pickerington Local","Fairfield","Region 11","94.5","13","511","511","413","97.9","0.3","100.0","80.7","64381","0",""
"046904","Walnut Township Local","Fairfield","Region 11","94.6","10","50","50","29","100","0","100.0","58.8","47715","0",""
"046920","Miami Trace Local","Fayette","Region 14","95.3","13","148","148","109","100","0","100.0","73.5","47182","0",""
"046946","Canal Winchester Local","Franklin","Region 11","93.2","13","205","205","151","100","0.5","100.0","73.6","56501","0",""
"046953","Hamilton Local","Franklin","Region 11","95.9","8","157","157","95","100","0","100.0","60.5","58644","0",""
"046961","Gahanna-Jefferson City","Franklin","Region 11","95.5","19","456","455","350","100","0.2","99.8","76.9","66414","0",""
"046979","Groveport Madison Local","Franklin","Region 11","92.7","10","362","362","212","99.3","0","100.0","58.7","55685","0",""
"046995","New Albany-Plain Local","Franklin","Region 11","95.3","12","287","287","210","100","0","100.0","73.1","66836","0",""
"047001","Reynoldsburg City","Franklin","Region 11","96.1","13","309","309","241","99.4","0.3","99.9","78.0","61069","0",""
"047019","Hilliard City","Franklin","Region 11","94.9","15","868","868","637","99.7","0.3","100.0","73.3","69798","0",""
"047027","Dublin City","Franklin","Region 11","93.5","13","915","908","643","99.4","0","99.2","70.3","73627","0",""
"047043","Archbold-Area Local","Fulton","Region 1","95.8","22","83","83","70","100","0","100.0","84.4","55792","0",""
"047050","Evergreen Local","Fulton","Region 1","96.1","19","91","91","48","100","0","100.0","53.1","50679","0",""
"047068","Fayette Local","Fulton","Region 1","95.4","23","33","33","30","98.8","0","100.0","90.4","48570","0",""
"047076","Pettisville Local","Fulton","Region 1","96.1","28","33","33","18","99.3","0","100.0","53.9","54516","0",""
"047084","Pike-Delta-York Local","Fulton","Region 1","94.5","26","79","79","58","99.3","0.7","100.0","72.9","54287","0",""
"047092","Swanton Local","Fulton","Region 1","94","19","76","76","49","100","0","100.0","64.4","51976","0",""
"047167","Berkshire Local","Geauga","Region 4","95.8","17","64","64","35","96.1","0.7","100.0","55.4","53009","0",""
"047175","Cardinal Local","Geauga","Region 4","95.4","16","78","78","53","99.4","0","100.0","68.2","55705","0",""
"047183","Chardon Local","Geauga","Region 4","95.9","15","191","191","149","100","0","100.0","77.6","56936","0",""
"047191","Kenston Local","Geauga","Region 4","95","15","188","188","152","97.9","0","100.0","80.9","65601","0",""
"047209","Ledgemont Local","Geauga","Region 4","93.2","12","39","39","20","93.1","0.8","100.0","50.0","44574","0",""
"047217","Newbury Local","Geauga","Region 4","94.5","15","51","51","31","99.5","0","100.0","60.3","53491","0",""
"047225","West Geauga Local","Geauga","Region 4","95.6","12","129","129","99","98.9","1.3","100.0","77.2","64126","0",""
"047241","Beavercreek City","Greene","Region 10","95","16","407","407","328","100","0","100.0","80.6","63271","0",""
"047258","Cedar Cliff Local","Greene","Region 10","95.6","19","35","35","23","100","0","100.0","65.8","53207","0",""
"047266","Greeneview Local","Greene","Region 10","95.1","15","78","78","43","100","0","100.0","55.0","48538","0",""
"047274","Bellbrook-Sugarcreek Local","Greene","Region 10","95.7","20","132","132","103","100","0","100.0","77.9","63281","0",""
"047308","Rolling Hills Local","Guernsey","Region 12","93","14","116","116","72","100","0","100.0","61.9","49152","0",""
"047332","Finneytown Local","Hamilton","Region 13","95.3","16","85","85","63","100","0","100.0","74.8","64588","0",""
"047340","Forest Hills Local","Hamilton","Region 13","96.1","15","431","431","342","100","0","100.0","79.4","65206","0",""
"047365","Northwest Local","Hamilton","Region 13","93.6","14","492","492","363","99.7","2.4","100.0","73.7","55425","0",""
"047373","Oak Hills Local","Hamilton","Region 13","93.9","10","452","452","315","99.9","0","100.0","69.7","62406","0",""
"047381","Southwest Local","Hamilton","Region 13","96.1","19","177","171","138","99.9","1","96.6","78.0","69360","0",""
"047399","Three Rivers Local","Hamilton","Region 13","95","16","109","109","63","100","0.2","100.0","57.7","62296","0",""
"047415","Arcadia Local","Hancock","Region 1","96.3","13","37","37","22","100","0","100.0","59.6","48869","0",""
"047423","Arlington Local","Hancock","Region 1","97","17","48","48","34","100","0","100.0","72.3","47059","0",""
"047431","Cory-Rawson Local","Hancock","Region 1","95.9","17","44","44","32","93.3","0.5","100.0","71.7","52849","0",""
"047449","Liberty-Benton Local","Hancock","Region 1","95.7","16","85","85","58","99.3","0","100.0","68.4","51939","0",""
"047456","McComb Local","Hancock","Region 1","95.1","14","52","52","38","100","0","100.0","72.1","47559","0",""
"047464","Van Buren Local","Hancock","Region 1","93.8","13","68","68","48","93.2","0.3","100.0","70.9","50865","0",""
"047472","Vanlue Local","Hancock","Region 1","95.4","12","20","20","11","95.4","3.7","100.0","54.2","39180","0",""
"047498","Hardin Northern Local","Hardin","Region 6","95.5","15","36","36","15","100","0","100.0","40.6","44074","0",""
"047506","Ridgemont Local","Hardin","Region 6","94.8","7","43","43","17","97.3","0","100.0","38.9","38369","0",""
"047514","Riverdale Local","Hardin","Region 6","94.8","17","73","73","40","95.1","0","100.0","54.9","44840","0",""
"047522","Upper Scioto Valley Local","Hardin","Region 6","94.7","12","39","39","21","89.9","0","100.0","54.1","42169","0",""
"047548","Conotton Valley Union Local","Harrison","Region 12","94.1","14","33","33","14","100","0","100.0","41.5","41038","0",""
"047571","Holgate Local","Henry","Region 1","96.2","11","38","38","15","97.3","0","100.0","40.8","48592","0",""
"047589","Liberty Center Local","Henry","Region 1","94.4","18","77","77","61","99.2","0","100.0","80.0","56700","0",""
"047597","Patrick Henry Local","Henry","Region 1","95.5","11","65","64","43","100","4.5","98.5","66.8","52616","0",""
"047613","Bright Local","Highland","Region 14","94.5","13","50","50","36","96.3","3.7","100.0","71.7","46974","0",""
"047621","Fairfield Local","Highland","Region 14","95.3","14","51","51","35","100","0","100.0","69.2","48238","0",""
"047639","Lynchburg-Clay Local","Highland","Region 14","96.1","11","90","90","54","97.6","0.7","100.0","59.8","44828","0",""
"047688","East Holmes Local","Holmes","Region 12","94.5","18","107","107","74","100","0","100.0","68.8","54018","0",""
"047696","West Holmes Local","Holmes","Region 9","95.8","11","145","145","93","99.3","0","100.0","64.0","55156","0",""
"047712","Monroeville Local","Huron","Region 2","95.6","6","51","51","34","98","0","100.0","66.6","49299","0",""
"047720","New London Local","Huron","Region 2","94.6","16","71","71","37","100","0","100.0","52.0","49993","0",""
"047738","South Central Local","Huron","Region 2","95.2","19","56","56","29","100","0","100.0","52.2","52972","0",""
"047746","Western Reserve Local","Huron","Region 2","94.3","16","79","79","53","98.7","0","100.0","66.3","54978","0",""
"047761","Oak Hill Union Local","Jackson","Region 16","92.6","13","83","83","63","100","0","100.0","75.9","49176","0",""
"047787","Buckeye Local","Jefferson","Region 12","94.8","12","161","160","90","99","0","99.1","55.7","39511","0",""
"047795","Edison Local","Jefferson","Region 12","94.8","22","97","97","52","100","0","100.0","53.2","49335","0",""
"047803","Indian Creek Local","Jefferson","Region 12","94","22","138","138","94","93.9","0","100.0","67.7","39100","0",""
"047829","Centerburg Local","Knox","Region 7","95.7","15","62","62","25","99.7","0","100.0","40.9","49104","0",""
"047837","Danville Local","Knox","Region 7","95.2","18","51","51","25","100","0","100.0","49.3","44849","0",""
"047845","East Knox Local","Knox","Region 7","95.5","16","64","64","37","100","2","100.0","57.8","46324","0",""
"047852","Fredericktown Local","Knox","Region 7","95.6","17","66","66","36","99.7","1.6","100.0","54.1","50059","0",""
"047878","Kirtland Local","Lake","Region 4","96.3","14","77","77","66","100","0","100.0","86.0","63696","0",""
"047886","Madison Local","Lake","Region 4","95.7","10","169","169","107","99.4","0","100.0","63.6","60423","0",""
"047894","Riverside Local","Lake","Region 4","93.6","15","248","248","176","100","0.2","100.0","70.7","60111","0",""
"047902","Perry Local","Lake","Region 4","93.5","12","115","115","78","98.1","0","100.0","68.1","68109","0",""
"047928","Dawson-Bryant Local","Lawrence","Region 15","94.2","11","91","91","31","97.3","3.4","100.0","34.3","44324","0",""
"047936","Fairland Local","Lawrence","Region 15","94.3","10","98","98","41","100","0","100.0","41.8","49397","0",""
"047944","Rock Hill Local","Lawrence","Region 15","94.6","15","110","110","51","99.5","0","100.0","45.8","49938","0",""
"047951","South Point Local","Lawrence","Region 15","94.8","13","113","113","45","97.5","1.9","100.0","40.1","50674","0",""
"047969","Symmes Valley Local","Lawrence","Region 15","96","15","56","56","12","96.9","0","100.0","20.6","48535","0",""
"047985","Johnstown-Monroe Local","Licking","Region 11","95.3","12","101","101","70","100","0","100.0","69.5","46284","0",""
"047993","Lakewood Local","Licking","Region 11","95.4","17","154","154","102","99.9","0","100.0","66.6","47559","0",""
"048009","Licking Heights Local","Licking","Region 11","94.3","10","198","198","88","100","0","100.0","44.4","46235","0",""
"048017","Licking Valley Local","Licking","Region 11","96.2","15","115","114","68","99.1","0","99.1","59.0","52834","0",""
"048025","North Fork Local","Licking","Region 11","93.4","14","101","101","68","99.4","0.4","100.0","67.2","50989","0",""
"048033","Northridge Local","Licking","Region 11","95.6","15","69","69","48","98.5","0","100.0","69.4","47180","0",""
"048041","Southwest Licking Local","Licking","Region 11","92.9","13","228","228","164","99.7","0.7","100.0","72.1","55760","0",""
"048074","Benjamin Logan Local","Logan","Region 6","94.6","16","106","106","83","100","0","100.0","77.9","54646","0",""
"048082","Indian Lake Local","Logan","Region 6","94.9","19","115","115","82","100","0","100.0","70.9","52554","0",""
"048090","Riverside Local","Logan","Region 6","95.4","22","52","52","32","99.3","0","100.0","62.4","43650","0",""
"048116","Avon Local","Lorain","Region 2","95.4","4","210","210","118","99","0","100.0","56.2","53467","0",""
"048124","Avon Lake City","Lorain","Region 2","95.3","16","224","224","190","99.8","0","100.0","84.6","64756","0",""
"048132","Clearview Local","Lorain","Region 2","95","11","93","93","55","99.8","2.1","100.0","59.6","57040","0",""
"048140","Columbia Local","Lorain","Region 2","94.8","13","71","71","40","100","0","100.0","57.2","53491","0",""
"048157","Firelands Local","Lorain","Region 2","94.7","18","103","103","72","91.8","0","100.0","69.5","59300","0",""
"048165","Keystone Local","Lorain","Region 2","93.9","8","92","92","56","99.6","0.7","100.0","60.4","57154","0",""
"048173","Midview Local","Lorain","Region 2","93.7","17","189","189","136","100","0","100.0","72.0","58385","0",""
"048207","Anthony Wayne Local","Lucas","Region 1","95.7","13","219","219","163","98.8","4.2","100.0","74.5","58193","0",""
"048215","Ottawa Hills Local","Lucas","Region 1","96","20","69","69","53","99.8","0","100.0","77.1","70319","0",""
"048223","Springfield Local","Lucas","Region 1","95.3","15","227","227","165","100","0.7","100.0","72.9","60795","0",""
"048231","Washington Local","Lucas","Region 1","95.5","14","453","449","335","100","0.2","99.1","73.9","61140","0",""
"048256","Jefferson Local","Madison","Region 11","96.2","14","74","74","48","97.6","0","100.0","64.3","56969","0",""
"048264","Jonathan Alder Local","Madison","Region 11","95.6","9","123","122","97","99.8","0.8","99.2","78.8","54011","0",""
"048272","Madison-Plains Local","Madison","Region 11","93.3","13","80","80","59","100","0","100.0","73.8","49898","0",""
"048298","Austintown Local","Mahoning","Region 5","93.8","9","317","315","224","100","0","99.3","70.7","48175","0",""
"048306","Boardman Local","Mahoning","Region 5","92.8","15","261","261","189","100","0","100.0","72.4","53189","0",""
"048314","Canfield Local","Mahoning","Region 5","95.4","17","165","165","138","100","0","100.0","84.1","61251","0",""
"048322","Jackson-Milton Local","Mahoning","Region 5","92.5","17","66","66","32","100","0","100.0","48.5","48393","0",""
"048330","Lowellville Local","Mahoning","Region 5","96.8","10","51","51","7","99.6","0","100.0","13.1","40428","0",""
"048348","Poland Local","Mahoning","Region 5","93.8","14","124","124","79","99.6","0","100.0","63.7","55851","0",""
"048355","Sebring Local","Mahoning","Region 5","96.3","15","57","57","35","100","0","100.0","61.9","41094","0",""
"048363","South Range Local","Mahoning","Region 5","94.2","16","85","85","71","98.8","0","100.0","83.1","48197","0",""
"048371","Springfield Local","Mahoning","Region 5","96","13","69","69","38","100","0","100.0","55.3","53112","0",""
"048389","West Branch Local","Mahoning","Region 5","95.8","16","183","183","125","99.6","0.4","100.0","68.2","49015","0",""
"048397","Western Reserve Local","Mahoning","Region 5","97","16","49","49","33","100","0","100.0","68.4","51043","0",""
"048413","Elgin Local","Marion","Region 7","95.1","17","84","84","51","100","0","100.0","60.7","49401","0",""
"048421","Pleasant Local","Marion","Region 7","94.3","15","93","93","43","100","0","100.0","46.4","47846","0",""
"048439","Ridgedale Local","Marion","Region 7","94.2","17","51","51","28","94.3","0.4","100.0","53.8","48265","0",""
"048447","River Valley Local","Marion","Region 7","95.8","12","107","107","68","100","0","100.0","63.6","50313","0",""
"048462","Black River Local","Medina","Region 7","95","15","84","84","70","98.3","0","100.0","83.8","56603","0",""
"048470","Buckeye Local","Medina","Region 8","94.8","15","113","113","75","100","0","100.0","66.2","56899","0",""
"048488","Cloverleaf Local","Medina","Region 8","95","14","150","150","108","100","0","100.0","72.3","61861","0",""
"048496","Highland Local","Medina","Region 8","96","13","182","182","127","100","0","100.0","69.8","59817","0",""
"048512","Eastern Local","Meigs","Region 16","93.3","16","55","55","30","94.6","0","100.0","53.7","43954","0",""
"048520","Meigs Local","Meigs","Region 16","94.8","15","134","130","63","96.5","0","97.0","47.0","42703","0",""
"048538","Southern Local","Meigs","Region 16","95.4","7","53","52","15","96.3","0","98.1","28.6","36657","0",""
"048553","Marion Local","Mercer","Region 6","95.4","16","56","56","49","99.4","0","100.0","86.7","53448","0",""
"048579","Parkway Local","Mercer","Region 6","95.6","18","63","63","51","99.7","0","100.0","80.8","51943","0",""
"048587","St Henry Consolidated Local","Mercer","Region 6","94.7","20","66","66","52","99.7","2","100.0","78.9","51511","0",""
"048595","Fort Recovery Local","Mercer","Region 6","95.3","16","63","61","45","99.6","0","96.8","71.0","49832","0",""
"048611","Bethel Local","Miami","Region 10","95.4","22","48","48","37","99","0","100.0","77.5","51272","0",""
"048629","Miami East Local","Miami","Region 10","96.4","16","69","69","56","91","0","100.0","80.8","57375","0",""
"048637","Newton Local","Miami","Region 10","95.4","10","39","38","21","91.3","0","97.4","53.7","46879","0",""
"048652","Switzerland of Ohio Local","Monroe","Region 12","93.2","19","213","211","129","94.5","1.8","99.1","60.8","39945","0",""
"048678","Brookville Local","Montgomery","Region 10","95.3","16","80","80","60","100","0","100.0","74.5","55643","0",""
"048686","Jefferson Township Local","Montgomery","Region 10","95.5","7","45","42","20","92.4","0","93.4","45.1","37955","0",""
"048694","Trotwood-Madison City","Montgomery","Region 10","95.7","16","140","139","93","98.8","0.2","99.3","66.7","54147","0",""
"048702","Mad River Local","Montgomery","Region 10","95.5","13","233","226","174","100","0","97.0","74.8","54876","0",""
"048710","New Lebanon Local","Montgomery","Region 10","96.6","15","80","80","53","100","0","100.0","65.9","48539","0",""
"048728","Northmont City","Montgomery","Region 10","95.4","9","315","315","225","100","0","100.0","71.5","57842","0",""
"048736","Northridge Local","Montgomery","Region 10","95.1","16","114","105","77","96.7","0","92.1","67.6","58546","0","District results under review by the Ohio Department of Education based upon 2011 findings by the Auditor of State."
"048744","Valley View Local","Montgomery","Region 10","93.6","11","109","109","95","100","0","100.0","87.4","59938","0",""
"048751","Huber Heights City","Montgomery","Region 10","93.2","16","368","368","259","99.5","0","100.0","70.5","64744","0",""
"048777","Morgan Local","Morgan","Region 12","94.9","15","146","143","94","95.6","0","97.9","64.2","45885","0",""
"048793","Cardington-Lincoln Local","Morrow","Region 7","94.2","17","80","79","52","100","0","98.8","65.4","54976","0",""
"048801","Highland Local","Morrow","Region 7","95.9","11","111","111","71","97.7","1.4","100.0","64.0","50948","0",""
"048819","Northmor Local","Morrow","Region 7","95.4","14","74","74","26","100","0","100.0","35.5","50331","0",""
"048835","East Muskingum Local","Muskingum","Region 12","96.7","17","138","138","89","100","0","100.0","64.5","49471","0",""
"048843","Franklin Local","Muskingum","Region 12","95.5","17","145","145","104","100","0","100.0","72.2","53236","0",""
"048850","Maysville Local","Muskingum","Region 12","96.8","13","145","145","95","98.6","0.8","100.0","65.5","49686","0",""
"048876","Tri-Valley Local","Muskingum","Region 12","96.6","22","103","103","73","98.5","0","100.0","70.4","81154","0",""
"048884","West Muskingum Local","Muskingum","Region 12","95.3","15","92","92","53","100","0","100.0","57.9","46071","0",""
"048900","Noble Local","Noble","Region 12","94.1","15","64","64","37","100","0","100.0","57.8","49216","0",""
"048926","Benton Carroll Salem Local","Ottawa","Region 1","95.4","16","93","93","66","99.2","0","100.0","71.4","61396","0",""
"048934","Danbury Local","Ottawa","Region 1","94.3","21","43","43","33","100","0","100.0","76.9","70101","0",""
"048942","Genoa Area Local","Ottawa","Region 1","94.9","12","76","76","37","100","0","100.0","48.1","51917","0",""
"048975","Put-In-Bay Local","Ottawa","Region 1","94.5","18","16","16","12","100","0","100.0","75.4","59257","0",""
"048991","Antwerp Local","Paulding","Region 1","96.1","16","42","42","25","92.3","0","100.0","58.5","47395","0",""
"049031","Wayne Trace Local","Paulding","Region 1","94.1","15","62","62","40","98.3","0","100.0","64.9","47937","0",""
"049056","Northern Local","Perry","Region 12","95.1","16","135","135","93","98.1","0","100.0","69.0","53366","0",""
"049064","Southern Local","Perry","Region 16","94.9","13","57","57","27","92.7","98.4","100.0","47.3","43715","0","Certification and Highly Qualified Teacher data subject to change due to local reporting error."
"049080","Logan Elm Local","Pickaway","Region 11","93","15","126","126","103","99.4","0","100.0","81.7","51535","0",""
"049098","Teays Valley Local","Pickaway","Region 11","95.5","16","201","201","140","98.6","0.4","100.0","70.0","59799","0",""
"049106","Westfall Local","Pickaway","Region 11","95.1","8","103","103","63","98.1","0","100.0","61.2","46190","0",""
"049122","Eastern Local","Pike","Region 15","93.2","11","54","54","34","92.3","0","100.0","62.6","47743","0",""
"049130","Scioto Valley Local","Pike","Region 15","91.5","15","83","83","38","90.8","0","100.0","45.8","54585","0",""
"049148","Waverly City","Pike","Region 15","94.9","17","94","94","70","94.6","10.5","100.0","74.5","54551","0",""
"049155","Western Local","Pike","Region 15","94.8","13","47","47","30","96.7","0","100.0","63.4","49779","0",""
"049171","Aurora City","Portage","Region 8","96.1","15","169","169","148","100","0","100.0","88.0","68777","0",""
"049189","Crestwood Local","Portage","Region 8","95.9","16","121","120","88","99.8","0","98.8","73.0","54854","0",""
"049197","Field Local","Portage","Region 8","94.5","14","132","132","89","100","0","100.0","67.4","50836","0",""
"049205","James A Garfield Local","Portage","Region 8","95.5","17","87","87","64","100","0","100.0","73.1","54438","0",""
"049213","Rootstown Local","Portage","Region 8","93.9","12","70","70","41","100","0","100.0","58.8","52000","0",""
"049221","Southeast Local","Portage","Region 8","95","18","120","120","87","99.7","0","100.0","72.8","47516","0",""
"049239","Streetsboro City","Portage","Region 8","93.7","13","136","136","85","100","0","100.0","62.7","55258","0",""
"049247","Waterloo Local","Portage","Region 8","95.3","15","69","69","38","100","0","100.0","55.6","50112","0",""
"049270","National Trail Local","Preble","Region 10","95.5","13","80","80","48","98.5","0","100.0","60.1","43838","0",""
"049288","Preble Shawnee Local","Preble","Region 10","94.1","14","78","78","39","100","0","100.0","50.0","46111","0",""
"049296","Twin Valley Community Local","Preble","Region 10","94.9","21","58","58","47","99.3","0","100.0","80.3","47240","0",""
"049312","Columbus Grove Local","Putnam","Region 1","95.4","9","62","62","44","99.4","0","100.0","71.3","50945","0",""
"049320","Continental Local","Putnam","Region 1","95.1","20","40","40","27","99.7","0","100.0","67.9","49487","0",""
"049338","Jennings Local","Putnam","Region 1","95.1","26","24","24","18","99.2","0.8","100.0","75.8","50429","0",""
"049346","Kalida Local","Putnam","Region 1","96.7","21","41","41","27","100","0","100.0","64.3","49917","0",""
"049353","Leipsic Local","Putnam","Region 1","96.1","22","50","50","40","100","0","100.0","80.3","49677","0",""
"049361","Miller City-New Cleveland Local","Putnam","Region 1","96.5","15","32","32","20","100","0","100.0","64.0","50430","0",""
"049379","Ottawa-Glandorf Local","Putnam","Region 1","95.5","22","83","83","59","97.3","0","100.0","71.0","55746","0",""
"049387","Ottoville Local","Putnam","Region 1","97.1","23","32","32","30","99.4","0","100.0","92.9","53348","0",""
"049395","Pandora-Gilboa Local","Putnam","Region 1","93.6","22","40","40","22","100","0","100.0","54.0","48872","0",""
"049411","Clear Fork Valley Local","Richland","Region 7","96.3","16","108","108","61","100","0","100.0","56.7","45895","0",""
"049429","Crestview Local","Richland","Region 7","95.1","15","82","82","54","100","0","100.0","65.7","50607","0",""
"049437","Lexington Local","Richland","Region 7","93.9","17","144","144","95","100","0","100.0","66.1","49671","0",""
"049445","Lucas Local","Richland","Region 7","96.3","16","39","39","32","100","0","100.0","81.9","47961","0",""
"049452","Madison Local","Richland","Region 7","95.2","14","233","229","124","100","0","98.3","53.2","45462","0",""
"049460","Plymouth-Shiloh Local","Richland","Region 7","95.1","16","61","61","36","98.7","0.3","100.0","58.8","46715","0",""
"049478","Ontario Local","Richland","Region 7","96","19","102","102","57","99.8","0.6","100.0","55.8","58816","0",""
"049494","Adena Local","Ross","Region 15","93.4","15","63","63","45","99.1","0","100.0","71.4","53215","0",""
"049502","Huntington Local","Ross","Region 15","93.2","13","82","82","53","95.4","0","100.0","64.6","56499","0",""
"049510","Paint Valley Local","Ross","Region 15","96","14","67","67","42","96.7","0","100.0","62.7","53493","0",""
"049528","Southeastern Local","Ross","Region 15","91.4","12","70","70","23","98.4","0","100.0","33.1","50384","0",""
"049536","Union-Scioto Local","Ross","Region 15","94.7","7","120","119","41","100","0","99.2","34.2","52671","0",""
"049544","Zane Trace Local","Ross","Region 15","94.8","15","83","83","65","100","0","100.0","78.3","56144","0",""
"049569","Lakota Local","Sandusky","Region 1","95.6","13","53","53","28","100","0","100.0","54.1","42022","0",""
"049577","Woodmore Local","Sandusky","Region 1","94.8","12","66","66","18","96.2","0","100.0","26.6","54646","0",""
"049593","Bloom-Vernon Local","Scioto","Region 15","95.2","18","62","62","29","98.1","1.9","100.0","47.3","49043","0",""
"049601","Clay Local","Scioto","Region 15","96.5","12","45","45","22","97.7","0.9","100.0","49.6","46355","0",""
"049619","Green Local","Scioto","Region 15","93.6","14","46","46","28","98.1","0","100.0","62.1","44830","0",""
"049627","Minford Local","Scioto","Region 15","93.2","15","89","89","62","99.4","0","100.0","69.6","49152","0",""
"049635","Northwest Local","Scioto","Region 15","92.2","17","108","107","60","100","0","99.1","55.2","52622","0",""
"049643","Valley Local","Scioto","Region 15","92.8","13","63","63","31","98.9","0","100.0","49.6","54393","0",""
"049650","Washington-Nile Local","Scioto","Region 15","94.5","16","89","89","61","100","0","100.0","68.9","52310","0",""
"049668","Wheelersburg Local","Scioto","Region 15","94.6","14","85","85","68","98.2","0","100.0","80.1","50244","0",""
"049684","Seneca East Local","Seneca","Region 7","96","9","76","76","27","100","0","100.0","36.2","48494","0",""
"049692","Bettsville Local","Seneca","Region 7","95.6","7","24","24","8","100","0","100.0","32.3","35853","0",""
"049700","Hopewell-Loudon Local","Seneca","Region 7","96.6","19","47","47","27","100","0","100.0","57.7","55487","0",""
"049718","New Riegel Local","Seneca","Region 7","96.2","13","29","29","19","99.4","0","100.0","65.8","45979","0",""
"049726","Old Fort Local","Seneca","Region 7","96.3","13","35","35","13","100","0","100.0","37.4","47089","0",""
"049759","Anna Local","Shelby","Region 6","96.2","18","63","63","55","98.1","0.9","100.0","87.0","58952","0",""
"049767","Botkins Local","Shelby","Region 6","96.9","17","37","37","30","100","0","100.0","81.2","49847","0",""
"049775","Fairlawn Local","Shelby","Region 6","94.8","12","35","34","21","93","6.1","97.1","60.6","43541","0",""
"049783","Fort Loramie Local","Shelby","Region 6","96.3","18","46","46","34","99","0","100.0","72.9","55445","0",""
"049791","Hardin-Houston Local","Shelby","Region 6","95.2","18","54","54","37","99.6","0.4","100.0","68.1","47091","0",""
"049809","Jackson Center Local","Shelby","Region 6","97","19","40","40","33","100","0","100.0","80.9","46243","0",""
"049817","Russia Local","Shelby","Region 6","97","24","28","28","25","100","0","100.0","88.8","49562","0",""
"049833","Canton Local","Stark","Region 9","96.8","17","131","129","97","100","0","98.5","74.4","61553","0",""
"049841","Fairless Local","Stark","Region 9","93.2","17","113","112","31","100","0","99.1","27.5","45286","0",""
"049858","Jackson Local","Stark","Region 9","96.7","13","297","296","195","100","0","99.7","65.6","53901","0",""
"049866","Lake Local","Stark","Region 9","94.7","12","197","197","103","100","0","100.0","52.3","52677","0",""
"049874","Louisville City","Stark","Region 9","95.6","15","168","168","135","100","0","100.0","80.1","56957","0",""
"049882","Marlington Local","Stark","Region 9","95.2","15","140","138","87","99.9","0","98.6","62.5","49284","0",""
"049890","Minerva Local","Stark","Region 9","96.1","26","98","98","69","98","0","100.0","70.9","50227","0",""
"049908","Northwest Local","Stark","Region 9","95.5","17","112","112","83","100","0","100.0","74.2","54754","0",""
"049916","Osnaburg Local","Stark","Region 9","95.2","17","58","58","30","100","0","100.0","52.2","47457","0",""
"049924","Perry Local","Stark","Region 9","96.1","11","287","279","188","100","1.3","97.2","65.3","58712","0",""
"049932","Plain Local","Stark","Region 9","96.2","16","310","308","217","100","0","99.4","69.9","51749","0",""
"049940","Sandy Valley Local","Stark","Region 9","96","16","87","87","56","100","0","100.0","64.1","49416","0",""
"049957","Tuslaw Local","Stark","Region 9","95.3","16","80","80","50","100","0","100.0","62.1","52448","0",""
"049973","Woodridge Local","Summit","Region 8","93.5","14","120","118","77","99.6","0","98.3","64.2","62405","0",""
"049981","Copley-Fairlawn City","Summit","Region 8","95.4","14","202","199","150","98.2","0.8","98.5","74.3","61337","0",""
"049999","Coventry Local","Summit","Region 8","94.1","14","128","128","84","100","0.4","100.0","65.5","52573","0",""
"050005","Manchester Local","Summit","Region 8","96.1","13","80","80","59","100","0","100.0","73.5","52639","0",""
"050013","Green Local","Summit","Region 8","94","13","237","237","179","100","0","100.0","75.4","57507","0",""
"050021","Hudson City","Summit","Region 8","95.2","18","287","286","251","100","0","99.7","87.6","73313","0",""
"050039","Mogadore Local","Summit","Region 8","0","11","59","59","47","100","0","100.0","79.7","64028","0",""
"050047","Nordonia Hills City","Summit","Region 8","95.6","7","208","208","162","100","0","100.0","77.8","62764","0",""
"050054","Revere Local","Summit","Region 8","95.1","16","183","183","135","97.8","0","100.0","73.8","67891","0",""
"050062","Springfield Local","Summit","Region 8","94.4","16","146","146","102","100","0","100.0","70.2","60935","0",""
"050070","Twinsburg City","Summit","Region 8","94.4","4","218","218","167","100","0","100.0","76.9","71162","0",""
"050096","Bloomfield-Mespo Local","Trumbull","Region 5","95.2","13","26","26","9","97.3","0","100.0","36.1","39014","0",""
"050112","Bristol Local","Trumbull","Region 5","94.9","14","45","45","23","100","0","100.0","50.9","47564","0",""
"050120","Brookfield Local","Trumbull","Region 5","95","19","71","71","45","97.8","0","100.0","63.0","48745","0",""
"050138","Champion Local","Trumbull","Region 5","94.1","8","93","93","67","96.7","0","100.0","72.7","49823","0",""
"050153","Mathews Local","Trumbull","Region 5","93.5","16","52","52","38","96.5","0","100.0","72.9","51671","0",""
"050161","Howland Local","Trumbull","Region 5","94.1","17","186","186","152","99.5","0","100.0","81.4","59504","0",""
"050179","Joseph Badger Local","Trumbull","Region 5","97","21","43","43","27","100","0","100.0","63.4","58720","0",""
"050187","Lakeview Local","Trumbull","Region 5","95.9","15","100","100","68","100","0","100.0","67.5","51069","0",""
"050195","Liberty Local","Trumbull","Region 5","95.2","12","88","87","45","100","0","98.9","51.4","49760","0",""
"050203","Lordstown Local","Trumbull","Region 5","94.3","12","37","37","16","97.8","0","100.0","43.8","51439","0",""
"050211","Maplewood Local","Trumbull","Region 5","95.4","16","55","55","32","100","0","100.0","57.8","55847","0",""
"050229","McDonald Local","Trumbull","Region 5","94.5","17","49","49","26","97.3","0","100.0","52.0","49845","0",""
"050237","Southington Local","Trumbull","Region 5","94.4","14","44","44","17","99","0","100.0","39.6","38846","0",""
"050245","LaBrae Local","Trumbull","Region 5","94.9","15","88","88","65","97.7","0","100.0","74.4","54203","0",""
"050252","Weathersfield Local","Trumbull","Region 5","94.9","12","57","57","19","100","0","100.0","34.0","49496","0",""
"050278","Garaway Local","Tuscarawas","Region 12","96.4","19","71","71","44","99.8","0","100.0","61.3","52793","0",""
"050286","Indian Valley Local","Tuscarawas","Region 12","94.8","16","106","106","69","100","0","100.0","64.7","48807","0",""
"050294","Strasburg-Franklin Local","Tuscarawas","Region 12","96.2","16","39","39","24","100","0","100.0","62.6","45762","0",""
"050302","Tuscarawas Valley Local","Tuscarawas","Region 12","95.3","14","93","93","56","98.2","0","100.0","60.2","47715","0",""
"050328","Fairbanks Local","Union","Region 11","93.3","16","57","57","38","98.5","0","100.0","67.3","59228","0",""
"050336","North Union Local","Union","Region 11","95.2","12","100","97","36","99.6","0.4","97.0","36.2","49991","0",""
"050351","Crestview Local","Van Wert","Region 1","96.5","14","63","63","40","96.4","0","100.0","63.2","49853","0",""
"050369","Lincolnview Local","Van Wert","Region 1","95.7","19","59","59","43","100","0","100.0","73.4","50202","0",""
"050393","Vinton County Local","Vinton","Region 16","94.2","13","179","179","137","97.5","0","100.0","76.5","47081","0",""
"050419","Carlisle Local","Warren","Region 13","95.8","13","112","111","79","99.6","0","99.1","71.0","48619","0",""
"050427","Springboro Community City","Warren","Region 13","95.3","14","314","313","225","100","0","99.7","71.6","52272","0",""
"050435","Kings Local","Warren","Region 13","95.1","16","241","240","166","99.9","0","99.6","68.6","58860","0",""
"050443","Little Miami Local","Warren","Region 13","94.1","12","199","199","127","100","0","100.0","64.1","52682","0",""
"050450","Mason City","Warren","Region 13","95.7","12","577","577","474","100","0","100.0","82.1","65611","0",""
"050468","Wayne Local","Warren","Region 13","95.4","16","85","85","57","95","0","100.0","67.0","57719","0",""
"050484","Fort Frye Local","Washington","Region 16","93.5","20","67","67","37","98.2","0.2","100.0","55.7","49357","0",""
"050492","Frontier Local","Washington","Region 16","93.4","19","52","52","21","98.6","0","100.0","40.6","39544","0",""
"050500","Warren Local","Washington","Region 16","93.4","17","131","131","104","98.5","0","100.0","79.0","53339","0",""
"050518","Wolf Creek Local","Washington","Region 16","95.7","17","44","44","28","86.1","0","100.0","64.5","50215","0",""
"050534","Chippewa Local","Wayne","Region 9","95.7","6","79","79","47","96.3","0","100.0","59.9","54817","0",""
"050542","Dalton Local","Wayne","Region 9","96.8","19","50","50","32","100","0","100.0","63.7","51645","0",""
"050559","Green Local","Wayne","Region 9","95.6","11","79","79","50","96.6","0","100.0","63.5","52215","0",""
"050567","Norwayne Local","Wayne","Region 9","96.4","15","73","73","43","99.7","0","100.0","58.0","55217","0",""
"050575","Northwestern Local","Wayne","Region 9","96.1","15","90","90","60","100","0.2","100.0","67.0","53167","0",""
"050583","Southeast Local","Wayne","Region 9","96.5","16","96","96","66","100","0","100.0","69.2","53071","0",""
"050591","Triway Local","Wayne","Region 9","96.7","16","111","111","77","99.7","0.3","100.0","69.3","51163","0",""
"050617","Edgerton Local","Williams","Region 1","95.6","18","41","41","31","97.5","0","100.0","74.5","48153","0",""
"050625","Edon-Northwest Local","Williams","Region 1","94.6","17","39","39","24","100","0","100.0","62.9","47724","0",""
"050633","Millcreek-West Unity Local","Williams","Region 1","94.2","28","42","42","30","100","0","100.0","70.4","49388","0",""
"050641","North Central Local","Williams","Region 1","92.7","10","45","45","24","100","0","100.0","54.0","45311","0",""
"050658","Stryker Local","Williams","Region 1","96.1","13","31","31","19","98.2","0","100.0","60.4","45298","0",""
"050674","Eastwood Local","Wood","Region 1","96.3","17","81","79","63","99.8","0","97.5","78.4","57947","0",""
"050682","Elmwood Local","Wood","Region 1","96.3","16","81","81","52","99.7","0.9","100.0","64.3","51584","0",""
"050690","Lake Local","Wood","Region 1","95","12","97","96","61","99.5","0","99.0","62.8","49741","0",""
"050708","North Baltimore Local","Wood","Region 1","95.8","15","41","41","22","98.9","0","100.0","53.5","48357","0",""
"050716","Northwood Local","Wood","Region 1","95.2","19","56","56","45","99.7","0.6","100.0","80.5","58301","0",""
"050724","Otsego Local","Wood","Region 1","94.3","20","86","86","58","97.9","0","100.0","67.7","47876","0",""
"050740","Mohawk Local","Wyandot","Region 7","95","18","52","52","36","100","0","100.0","68.2","51883","0",""
"061903","Adams County/Ohio Valley Local","Adams","Region 14","94.2","16","246","245","181","96.1","2.2","99.8","73.7","50681","0",""
"065680","Gallia County Local","Gallia","Region 16","93.8","15","140","140","61","96.1","3.3","99.9","43.7","49668","0",""
"069682","East Guernsey Local","Guernsey","Region 12","91.7","24","53","53","18","100","0","100.0","33.2","46607","0",""
"091397","Tri-County North Local","Preble","Region 10","94.6","26","63","63","53","100","0","100.0","84.9","51974","0",""
"139303","Monroe Local","Butler","Region 13","96.1","13","132","132","85","100","0","100.0","64.1","54723","0",""
