"School IRN","School Name","Street Address","City","State","Postal Code","Virtual","Open Status","Avg Grade","Letter grade performance index","Public Funding","% Spent in Classroom","Avg Teacher Experience"
"009122","Columbus Collegiate Academy","1469 E Main St","Columbus","OH","43205-2152","Site Based","Open","C","C","1203746.56","80.4","0"
"149336","Southwest Licking Digital Acad","927-A","Pataskala","OH","43062","ESchool                                                                ","Open","NA","NA","205339.14","75.3","120"
"011390","Bella Academy of Excellence","19114 Bella Dr","Cleveland","OH","44119-3007","Site Based","Open","D","D","2871653.87","50.0","5"
"009909","Constellation Schools: Mansfield Community Middle","5730 Broadview Rd","Parma","OH","44134-1602","Site Based","Closed","D+","D","924689.90","93.4","0"
"142968","Hope Academy Northcoast","4310 E 71st St","Cleveland","OH","44105-5759","Site Based","Open","D","D","2148633.38","97.4","3"
"000396","Mansfield Elective Academy","445 Bowman St","Mansfield","OH","44903-1201","Site Based","Open","D","F","258475.87","87.4","21"
"012557","Woodland Academy","10615 Lamontier Ave","Cleveland","OH","44104-4847","Site Based","Open","D-","F","2948070.49","70.5","1"
"012556","Pearl Academy","4850 Pearl Rd","Cleveland","OH","44109-5135","Site Based","Open","F","D","1971721.76","85.4","1"
"012558","Global Village Academy","5720 State Rd","Parma","OH","44134-2564","Site Based","Open","B-","B","606001.32","86.7","7"
"007984","Youngstown Academy of Excellence","1408 Rigby St","Youngstown","OH","44506-1617","Site Based","Open","C-","D","1639579.27","89.4","3"
"133348","Richard Allen Preparatory","627 Salem Ave","Dayton","OH","45406-5822","Site Based","Open","NA","NA","1214280.62","98.7","5"
"143172","International Acad Of Columbus","1201 Shrock Ct","Columbus","OH","43229","Site Based","Open","C","D","1518294.76","91.6","1"
"133520","Citizens Academy","10118 Hampden Ave","Cleveland","OH","44108-3538","Site Based","Open","C+","B","3076761.67","64.8","3"
"143198","Great Western Academy","310 N Wilson Rd","Columbus","OH","43204-6221","Site Based","Open","D-","D","5514498.98","82.6","6"
"000318","Menlo Park Academy","14440 Triskett Rd","Cleveland","OH","44111-2263","Site Based","Open","B-","A","1986394.72","89.2","4"
"000319","Constellation Schools: Madison Community Elementary","2015 W 95th St","Cleveland","OH","44102-3727","Site Based","Open","C-","D","2208293.57","90.2","0"
"000316","Constellation Schools: Westpark Community Middle","5730 Broadview Rd","Parma","OH","44134-1602","Site Based","Open","C-","C","1515349.14","90.2","1"
"000311","Bridges Community Academy","190 St Francis Ave","Tiffin","OH","44883-3475","Site Based","Open","C-","D","1008099.06","91.1","0"
"151142","Lorain K-12 Digital Academy","1800 West 40th Street","Lorain","OH","44053","ESchool                                                                ","Open","D-","D","893013.30","90.7","0"
"000222","Wildwood Environmental Academy","1546 Dartford Rd","Maumee","OH","43537-1374","Site Based","Open","D-","C","2307241.16","89.8","4"
"011948","Imagine Cleveland Academy","3443 E 93rd St","Cleveland","OH","44104-5252","Site Based","Open","C-","D","1566247.80","97.9","2"
"011947","Imagine Akron Academy","1585 Frederick Blvd","Akron","OH","44320-4000","Site Based","Open","NA","NA","751918.57","97.3","3"
"011381","Greater Summit County Early Learning Center","2141 Pickle Rd","Akron","OH","44312-4221","Site Based","Open","A-","A","597407.78","97.6","1"
"000138","Pathway School of Discovery","173 Avondale Dr","Dayton","OH","45404-2123","Site Based","Open","C-","C","4808343.80","92.7","6"
"000139","Alliance Academy of Cincinnati","1712 Duck Creek Rd","Cincinnati","OH","45207-1644","Site Based","Open","D-","D","2193061.15","90.5","5"
"008064","Academy of Arts and Sciences","201 W Erie Ave","Lorain","OH","44052-1641","Site Based","Open","NA","NA","1699565.63","82.3","6"
"008065","Imani Learning Academy","728 Parkside Blvd","Toledo","OH","43607-3858","Site Based","Closed","D","D","903131.34","92.2","3"
"008061","Arts and Science Preparatory Academy","2711 Church Ave","Cleveland","OH","44113-2909","Site Based","Closed","D+","D","1182824.53","84.8","3"
"007995","Cleveland Arts and Social Sciences Academy","10701 Shaker Blvd","Cleveland","OH","44104-3752","Site Based","Open","C+","C","2500380.15","86.1","5"
"007999","Charles School at Ohio Dominican University","3950 Indianola Ave","Columbus","OH","43214-3158","Site Based","Open","B-","B","2341886.39","96.8","2"
"012010","Cleveland College Preparatory School","4906 Fleet Ave","Cleveland","OH","44105-3328","Site Based","Open","C-","C","2082622.22","84.9","3"
"012011","Columbus Performance Academy","2 Easton Oval Ste 525","Columbus","OH","43219-7008","Site Based","Open","D","D","1148948.97","100.0","0"
"000417","Buckeye On-Line School for Success","119 E Fifth St","East Liverpool","OH","43920-3030","ESchool                                                                ","Open","D","C","7864039.31","89.4","9"
"143503","Lake Erie Academy","2740 W Central Ave","Toledo","OH","43606-3452","Site Based","Open","F","D","2047281.74","83.6","5"
"133256","Constellation Schools: Parma Community","7667 Day Dr Fl 1ST","Parma","OH","44129-5603","Site Based","Open","C","B","6582158.92","90.2","0"
"000305","Summit Academy Community School-Warren","2106 Arbor Ave SE","Warren","OH","44484-5225","Site Based","Open","C","D","1627302.14","97.0","5"
"000306","Summit Academy Community School - Cincinnati","1660 Sternblock Ln","Cincinnati","OH","45237-3805","Site Based","Open","C","D","1791479.27","97.0","2"
"000301","Summit Academy Secondary - Lorain","1051 E St","Lorain","OH","44052-2134","Site Based","Open","D-","D","980954.72","96.9","4"
"000300","Summit Academy Secondary - Canton","2400 Cleveland Ave NW","Canton","OH","44709-3613","Site Based","Open","D-","D","1097227.06","96.8","2"
"000303","Summit Academy Secondary - Youngstown","1400 Oak Hill Ave","Youngstown","OH","44507-1018","Site Based","Open","F","F","3464038.75","96.9","5"
"000302","Summit Academy Community School-Parma","5868 Stumph Rd","Parma","OH","44130-1736","Site Based","Open","D+","D","3331564.81","96.8","5"
"000781","Cincinnati Speech & Reading Intervention Center","1812 Central Pkwy","Cincinnati","OH","45214-2304","Site Based","Open","F","D","1585534.52","85.1","0"
"000780","Midnimo Cross Cultural Community School","1500 W 3rd Ave Ste 125","Columbus","OH","43212-2883","Site Based","Open","C","D","527873.92","81.6","2"
"000236","Ohio Connections Academy, Inc","3740 Euclid Ave Ste 101","Cleveland","OH","44115-2229","ESchool                                                                ","Open","D-","C","19175763.86","82.7","9"
"011972","Graham Expeditionary Middle School","3950 Indianola Ave","Columbus","OH","43214-3167","Site Based","Open","B-","C","1110320.61","95.2","2"
"014121","Imagine Leadership Academy","2405 Romig Rd","Akron","OH","44320-3826","Site Based","Open","D+","D","NA","NA","6"
"011976","Horizon Science Academy Dayton Downtown","121 S Monmouth St","Dayton","OH","45403-2127","Site Based","Open","D-","D","1524549.31","90.8","2"
"142901","Life Skills Center  of Canton","1100 Cleveland Ave NW","Canton","OH","44702-1816","Site Based","Open","D-","C","871752.74","82.8","7"
"008278","Noble Academy-Cleveland","1200 E 200th St","Euclid","OH","44117-1111","Site Based","Open","D+","C","2015913.59","89.1","4"
"012951","Columbus Collegiate Academy - West","300 Dana Ave","Columbus","OH","43223-1310","Site Based","Open","C","C","478429.56","75.8","0"
"012009","Zenith Academy East","2261 S Hamilton Rd","Columbus","OH","43232-4301","Site Based","Open","C-","C","1577856.66","95.8","1"
"134148","Aurora Academy","541 Utah St","Toledo","OH","43605-2299","Site Based","Open","C","C","1208837.21","82.0","0"
"013994","Albert Einstein Academy for Letters, Arts and Sciences-Ohio","3550 Crocker Rd","Westlake","OH","44145-6314","Site Based","Open","D","B","NA","NA","7"
"013999","Rise & Shine Academy","3248 Warsaw St","Toledo","OH","43608-1852","Site Based","Open","C","D","NA","NA","5"
"134098","Constellation Schools: Old Brooklyn Community Elementary","4430 State Rd","Cleveland","OH","44109-4705","Site Based","Open","B-","B","2252574.78","90.1","0"
"013198","Brookwood Academy","2685 E Livingston Ave","Columbus","OH","43209-2961","Site Based","Open","D-","F","2666840.27","92.3","0"
"013199","Nexus Academy of Cleveland","3615 Superior Ave E Bldg 44","Cleveland","OH","44114-4138","Site Based","Open","D-","D","304942.88","83.2","39"
"013195","Academy of Educational Excellence","4747 Heatherdowns Blvd.","Toledo","OH","43614","Site Based","Open","C-","D","375738.43","82.0","6"
"133322","Summit Academy Community School Alternative Learners-Lorain","2140 E 36th St","Lorain","OH","44055-2756","Site Based","Open","C-","D","2410076.39","97.2","4"
"000938","Premier Academy of Ohio","1555 Elaine Rd","Columbus","OH","43227-2347","Site Based","Open","D+","D","830670.10","80.1","4"
"000420","Columbus Bilingual Academy","35 Midland Ave","Columbus","OH","43223-1064","Site Based","Open","D+","D","715144.12","85.0","0"
"000930","Cleveland Entrepreneurship Preparatory School","1417 E 36th St Fl 2","Cleveland","OH","44114-4116","Site Based","Open","B-","C","1798413.85","79.2","4"
"143537","Virtual Community School Of Ohio","340 Waggoner Rd","Reynoldsburg","OH","43068-9707","ESchool                                                                ","Open","D-","D","7846712.72","87.6","16"
"132787","Springfield Academy of Excellence","623 S Center St","Springfield","OH","45506-2209","Site Based","Open","C-","D","1786228.75","90.3","2"
"000338","Horizon Science Academy Toledo","2600 W Sylvania Ave","Toledo","OH","43613-4300","Site Based","Open","D","C","3652477.52","89.8","3"
"133819","Lincoln Preparatory School","4215 Robert Ave","Cleveland","OH","44109-1255","Site Based","Open","C-","C","1694153.04","96.4","10"
"151167","Ridgedale Community School","3103 Hillman Ford Rd","Morral","OH","43337-9302","Site Based","Open","NA","NA","277631.06","86.3","150"
"011967","Richland Academy School of Excellence","75 N Walnut St","Mansfield","OH","44902-1211","Site Based","Open","D+","C","1080752.64","82.3","0"
"014139","Imagine Columbus Primary School","4656 Heaton Rd","Columbus","OH","43229-6612","Site Based","Open","D","F","NA","NA","0"
"014132","STEAM Academy of  Cincinnati","6000 Murray Ave","Cincinnati","OH","45227-2973","Site Based","Open","D","D","NA","NA","0"
"014130","The Next Frontier Academy","1127 Copley Rd","Akron","OH","44320-2709","Site Based","Open","NA","NA","NA","NA","3"
"014136","Mosaica Online of Ohio","1333 Morse Rd","Columbus","OH","43229-6322","Site Based","Inactive","NA","NA","NA","NA","4"
"010180","Mount Auburn International Academy","244 Southern Ave","Cincinnati","OH","45219-3023","Site Based","Open","D","D","3259616.93","93.6","1"
"011291","Village Preparatory School","1415 E 36th St Fl 2","Cleveland","OH","44114-4116","Site Based","Open","D-","C","2577424.23","82.7","3"
"012852","Citizens Academy East","12523 Woodside Ave","Cleveland","OH","44108-2422","Site Based","Open","C-","B","1074594.32","80.5","4"
"012030","Near West Intergenerational School","3805 Terrett Ave","Cleveland","OH","44113-2847","Site Based","Open","C","B","819336.91","83.4","4"
"012031","Entrepreneurship Preparatory School - Woodland Hills Campus","9201 Crane Ave","Cleveland","OH","44105-1627","Site Based","Open","B-","C","559971.25","76.5","2"
"012105","Southside Academy","1833 Market St","Youngstown","OH","44507-1137","Site Based","Open","D-","D","2280873.58","80.1","4"
"134221","Colonial Prep Academy","2199 5th St SW","Akron","OH","44314-2405","Site Based","Open","C-","D","2102597.70","96.3","10"
"133330","T.C.P. World Academy","6000 Ridge Ave","Cincinnati","OH","45213-1624","Site Based","Open","C","B","3052430.03","91.7","6"
"000838","Horizon Science Academy-Denison Middle School","1700 Denison Ave","Cleveland","OH","44109-2925","Site Based","Open","D-","D","2223542.70","90.8","2"
"143529","North Dayton School Of Science & Discovery","3901 Turner Rd","Dayton","OH","45415-3654","Site Based","Open","D+","D","3742054.88","91.6","9"
"014149","Dayton SMART Elementary School","601 S Keowee St","Dayton","OH","45410-1168","Site Based","Open","NA","NA","NA","NA","0"
"014147","East Preparatory Academy","4129 Superior Ave","Cleveland","OH","44103-1129","Site Based","Open","C-","D","NA","NA","2"
"000321","Constellation Schools: Old Brooklyn Community Middle","5730 Broadview Rd","Parma","OH","44134-1602","Site Based","Open","B-","B","1326606.45","91.5","0"
"000320","Constellation Schools: Lorain Community Middle","5730 Broadview Rd","Parma","OH","44134-1602","Site Based","Open","C","C","837667.51","94.6","0"
"151175","West Central Learning Academy II","522 W North St","Lima","OH","45801-4215","ESchool                                                                ","Open","B","B","370993.03","82.4","25"
"014094","Lawrence County Academy","11627 State Route 243","Chesapeake","OH","45619-7962","Site Based","Open","NA","F","NA","NA","51"
"014091","Hope Learning Academy of Toledo","4234 Monroe St","Toledo","OH","43606-1938","Site Based","Open","D","D","NA","NA","3"
"010205","L. Hollingworth School for Talented and Gifted","653 Miami St","Toledo","OH","43605-2277","Site Based","Open","C-","D","1511839.71","79.7","2"
"012026","Constellation Schools: Collinwood Village Academy","5730 Broadview Rd","Parma","OH","44134-1602","Site Based","Open","D-","D","606120.02","91.0","0"
"012025","Constellation Schools: Stockyard Community Middle","5730 Broadview Rd","Parma","OH","44134-1602","Site Based","Open","D","D","602794.37","92.6","1"
"012029","Citizens Leadership Academy","9711 Lamont Ave","Cleveland","OH","44106-4124","Site Based","Open","D-","C","1376452.12","82.2","6"
"134122","Autism Model School","3020 Tremainsville Rd","Toledo","OH","43613-1901","Site Based","Open","D-","D","3257794.42","89.4","1"
"013864","Cincinnati Technology Academy","3800 Glenway Ave","Cincinnati","OH","45205-1436","Site Based","Open","D","D","NA","NA","4"
"010182","Performance Academy Eastland","2220 S Hamilton Rd","Columbus","OH","43232-4304","Site Based","Open","D-","D","1723577.95","100.0","0"
"133306","Summit Academy Community School for Alternative Learn-Canton","1620 Market Ave S","Canton","OH","44707-3778","Site Based","Open","C-","D","1640463.52","97.0","3"
"013082","The Haley School","4556 Warrensville Center Rd","North Randall","OH","44128-4134","Site Based","Open","D+","D","561527.23","80.6","0"
"013240","Cincinnati State STEM Academy","3520 Central Pkwy Ste 143 Mezz","Cincinnati","OH","45223-2612","Site Based","Open","D-","D","1042676.16","86.4","0"
"013249","Academy for Urban Scholars Youngstown","1350 5th Ave Ste 100 106","Youngstown","OH","44504-1765","Site Based","Open","NA","NA","NA","NA","10"
"143644","Sciotoville","224 Marshall St","Portsmouth","OH","45662-5549","Site Based","Open","D-","C","2089807.38","91.4","3"
"143396","Alternative Education Academy","1830 Adams St","Toledo","OH","43624-1428","ESchool                                                                ","Open","D-","D","13440600.33","79.4","4"
"014081","Insight School of Ohio","33 N 3rd St Ste 620","Columbus","OH","43215-3534","Site Based","Open","D","C","NA","NA","16"
"014080","Aladdin Academy","585 E Livingston St","Celina","OH","45822-1742","Site Based","Open","D-","D","NA","NA","0"
"000770","Maritime Academy of Toledo, The","803 Water St","Toledo","OH","43604-1831","Site Based","Open","D+","C","1629659.55","85.9","6"
"000779","Educational Academy for Boys & Girls","1500 W 3rd Ave","Columbus","OH","43212-2843","Site Based","Open","D-","D","695332.44","86.2","1"
"151233","Lakewood Digital Academy","PO Box 70","Hebron","OH","43025-0070","ESchool                                                                ","Open","C","C","301420.64","62.8","18"
"012052","Imagine on Superior","1500 Superior Ave NE","Canton","OH","44705-1956","Site Based","Open","D+","D","1325406.75","97.9","4"
"012054","North Central Academy","928 W Market St Ste B","Tiffin","OH","44883-2529","Site Based","Open","D-","D","781071.15","87.2","8"
"013892","Franklinton Preparatory Academy","40 Chicago Ave","Columbus","OH","43222-1132","Site Based","Open","D-","D","NA","NA","0"
"012924","DECA PREP","200 Homewood Ave","Dayton","OH","45405-4328","Site Based","Open","C","C","1727903.30","94.1","5"
"132993","Constellation Schools: Westpark Community Elementary","16210 Lorain Ave","Cleveland","OH","44111-5521","Site Based","Open","A-","B","2453317.73","90.9","1"
"013255","Canton College Preparatory School","2215 3rd St SE","Canton","OH","44707-2724","Site Based","Open","C-","C","NA","NA","1"
"013254","Akron Preparatory School","1200 E Market St Ste 3360","Akron","OH","44305-4018","Site Based","Open","C","D","NA","NA","2"
"013253","Ohio College Preparatory School","21100 Southgate Park Blvd","Maple Heights","OH","44137-3004","Site Based","Open","C-","D","NA","NA","2"
"000585","FCI Academy","2177 Mock Rd","Columbus","OH","43219-1258","Site Based","Open","D-","D","2936207.72","89.8","0"
"143297","The Autism Academy Of Learning","219 Page St","Toledo","OH","43620-1430","Site Based","Open","NA","F","1575197.54","88.7","1"
"143479","Constellation Schools: Puritas Community Elementary","15204 Puritas Ave","Cleveland","OH","44135-2716","Site Based","Open","B-","B","1426127.06","89.2","1"
"000909","V L T Academy","1100 Sycamore St","Cincinnati","OH","45202-1321","Site Based","Closed","D-","D","5266300.28","91.1","6"
"012033","Foxfire Intermediate School","2805 Pinkerton Ln","Zanesville","OH","43701-8593","Site Based","Open","D-","D","640720.76","90.2","2"
"014188","Discovery Academy","3835 Secor Rd","Toledo","OH","43623-4402","Site Based","Open","D+","D","NA","NA","1"
"014189","West Park Academy","12913 Bennington Ave","Cleveland","OH","44135-3761","Site Based","Open","D-","D","NA","NA","3"
"014187","East Academy","15720 Kipling Ave","Cleveland","OH","44110-3105","Site Based","Open","D","D","NA","NA","0"
"011487","Falcon Academy of Creative Arts","2900 State Route 43","Mogadore","OH","44260-9715","Site Based","Open","C+","B","1047959.67","92.1","7"
"012045","Patriot Preparatory Academy","4938 Beatrice Dr","Columbus","OH","43227-2113","Site Based","Open","C","C","3571636.20","89.4","7"
"012684","Broadway Academy","3398 E 55th St","Cleveland","OH","44127-1691","Site Based","Open","NA","F","2578565.98","84.0","3"
"011468","Columbus Bilingual Academy-North","3360 Kohr Blvd","Columbus","OH","43224-3051","Site Based","Open","D+","D","962793.63","84.6","0"
"134072","Youngstown Community School","50 Essex St","Youngstown","OH","44502-1838","Site Based","Open","D-","C","2483350.91","92.2","14"
"133678","Riverside Academy","3280 River Rd","Cincinnati","OH","45204-1214","Site Based","Open","D","D","2151639.58","82.8","4"
"133454","Dayton Leadership Academies-Dayton View Campus","1416 W Riverview Ave","Dayton","OH","45402-6217","Site Based","Open","D","D","2860141.60","90.5","3"
"013132","Lake Erie College Preparatory School","14405 Saint Clair Ave","Cleveland","OH","44110-3433","Site Based","Open","C","D","1975345.66","87.6","2"
"000808","Horizon Science Academy-Dayton","4751 sue ann blvd","Dayton","OH","45415","Site Based","Open","C-","D","1146963.73","86.5","4"
"000804","Horizon Science Academy-Cincinnati","1055 Laidlaw Ave","Cincinnati","OH","45237-5005","Site Based","Open","F","D","2962331.75","90.2","4"
"000576","King Academy Community School","224 W Liberty St","Cincinnati","OH","45202-6990","Site Based","Open","C","C","729086.43","82.4","1"
"000577","Emerson Academy","501 Hickory St","Dayton","OH","45410-1232","Site Based","Open","C","C","4964702.21","93.2","5"
"000575","Hope Academy Northwest Campus","1441 W 116th St","Cleveland","OH","44102-2301","Site Based","Open","F","D","3031624.45","76.9","2"
"014065","Lincoln Park Academy","3185 W 41st St","Cleveland","OH","44109-1275","Site Based","Open","F","D","NA","NA","0"
"014064","Winton Preparatory Academy","4750 Winton Rd","Cincinnati","OH","45232-1501","Site Based","Open","D+","D","NA","NA","2"
"014066","Main Street Preparatory Academy","388 S Main St","Akron","OH","44311-1064","Site Based","Open","D-","F","NA","NA","4"
"014061","Chapelside Cleveland Academy","3845 E 131st St","Cleveland","OH","44120-4661","Site Based","Open","D-","D","NA","NA","2"
"014063","University Academy","107 S Arlington St","Akron","OH","44306-1328","Site Based","Open","D","D","NA","NA","0"
"011923","Northeast Ohio College Preparatory School","2280 Professor Ave","Cleveland","OH","44113-4467","Site Based","Open","C-","C","2967353.78","86.0","3"
"151035","Pleasant Community Digital","1107 Owens Rd W","Marion","OH","43302-8421","Site Based","Open","NA","NA","359819.13","97.8","11"
"011324","Hardin Community School","1211 W Lima St Ste A","Kenton","OH","43326-8846","Site Based","Open","NA","NA","248062.71","90.7","1"
"000623","Summit Academy-Youngstown","144 N Schenley Ave","Youngstown","OH","44509-2041","Site Based","Open","C-","F","2701250.58","99.2","4"
"000621","Summit Academy Transition High School Dayton","1407 E 3rd St","Dayton","OH","45403-1818","Site Based","Open","D-","D","1339446.65","96.8","4"
"014194","Watkins Academy","24 N Jefferson St","Dayton","OH","45402-2018","Site Based","Open","NA","NA","NA","NA","NA"
"000629","Summit Academy Community School - Painesville","268 N State St","Painesville","OH","44077-4009","Site Based","Open","C-","D","1364595.54","96.9","4"
"012078","Quest Community School","12000 Snow Rd Ste 415","Parma","OH","44130-9313","Site Based","Open","D-","D","344608.74","62.8","0"
"012671","Constellation Schools: Eastside Arts Academy","6700 Lansing Ave","Cleveland","OH","44105-3756","Site Based","Open","D","D","606899.02","91.0","0"
"011470","A.B. Graham Academy","370 E Main St","Saint Paris","OH","43072-9200","Site Based","Closed","D-","C","1563023.78","91.9","11"
"133660","Horizon Science Academy Columbus","1070 Morse Rd","Columbus","OH","43229-6290","Site Based","Open","B-","B","2689178.87","88.5","4"
"013233","Southern Ohio Academy","522 Glenwood Ave","New Boston","OH","45662-5505","Site Based","Open","D-","D","479044.78","50.0","109"
"013232","A+ Children's Academy","100 Obetz Rd","Columbus","OH","43207-4031","Site Based","Open","D-","D","538380.36","88.3","7"
"132746","Summit Acdy Comm Schl for Alternative Learners of Middletown","4700 Central Ave","Middletown","OH","45044-5354","Site Based","Open","C-","D","1514431.25","96.8","1"
"133280","Washington Park Community","4000 Washington Park Blvd","Newburgh Heights","OH","44105-3248","Site Based","Open","C-","C","1670401.92","91.9","7"
"000564","Virtual Schoolhouse, Inc.","736 Lakeview Rd","Cleveland","OH","44108-2608","Site Based","Open","F","F","3756440.90","83.1","4"
"000560","Apex Academy","16005 Terrace Rd","Cleveland","OH","44112-2001","Site Based","Open","C-","D","4062495.97","91.8","6"
"143453","Mollie Kessler","118 E Wood St","Youngstown","OH","44503-1625","Site Based","Closed","D-","F","668372.20","88.9","10"
"000634","Summit Academy Secondary School - Middletown","7 S Marshall Rd","Middletown","OH","45044-5375","Site Based","Open","D","D","795340.17","96.8","5"
"000633","Summit Academy Toledo Learning Center","5115 Glendale Ave Ste N","Toledo","OH","43614-1801","Site Based","Open","C","D","2323394.99","97.0","3"
"009181","Clay Avenue Community School","1030 Clay Ave","Toledo","OH","43608-2167","Site Based","Open","C-","D","3958355.61","82.6","4"
"012060","Akros Middle School","265 Park St","Akron","OH","44304-1305","Site Based","Open","C","D","908050.55","92.4","5"
"012668","Garfield Academy","1379 Garfield Ave SW","Canton","OH","44706-5200","Site Based","Open","D+","D","1802148.26","85.3","1"
"009964","Sciotoville Elementary Academy","5540 3rd St","Sciotoville","OH","45662-5402","Site Based","Open","D+","C","1090918.94","87.7","6"
"012536","UBAH Math & Reading Academy","3850 Sullivant Ave","Columbus","OH","43228-4327","Site Based","Open","D","F","501007.10","84.9","1"
"133439","Cornerstone Academy Community","6015 E Walnut St","Westerville","OH","43081-9620","Site Based","Open","C","B","3214051.79","82.7","2"
"013200","Nexus Academy of Toledo","600 Jefferson Ave","Toledo","OH","43604-1071","Site Based","Open","C-","C","246420.69","83.1","24"
"013201","Nexus Academy of Columbus","4689 Hilton Corporate Dr","Columbus","OH","43232-4152","Site Based","Open","D-","C","175796.01","84.6","31"
"000825","Horizon Science Academy-Springfield","630 S Reynolds Rd","Toledo","OH","43615-6314","Site Based","Open","C-","D","3238337.81","87.7","3"
"000558","Columbus Preparatory Academy","3330 Chippewa St","Columbus","OH","43204-1653","Site Based","Open","A","A","3763668.83","87.2","6"
"000559","Orion Academy","1798 Queen City Ave","Cincinnati","OH","45214-1427","Site Based","Open","D+","D","4335825.18","93.2","4"
"000553","Columbus Humanities, Arts and Technology Academy","1333 Morse Rd","Columbus","OH","43229-6322","Site Based","Open","C-","D","2078737.14","85.5","0"
"000556","A+ Arts Academy","270 S Napoleon Ave","Columbus","OH","43213-4235","Site Based","Open","C-","D","1978999.00","86.4","3"
"000557","Columbus Arts & Technology Academy","2255 Kimberly Pkwy E","Columbus","OH","43232-7210","Site Based","Open","C","C","3121150.57","87.4","2"
"000951","Toledo Preparatory and Fitness Academy","3001 Hill Ave","Toledo","OH","43607-2932","Site Based","Open","C+","B","1127830.75","100.0","0"
"000952","Columbus Preparatory and Fitness Academy","1258 Demorest Rd","Columbus","OH","43204-7003","Site Based","Open","D","D","1289000.14","100.0","0"
"000953","Mt. Healthy Preparatory and Fitness Academy","7601 Harrison Ave","Cincinnati","OH","45231-3107","Site Based","Open","C","C","1769023.80","100.0","0"
"000736","HBCU Preparatory School 1","12601 Shaker Blvd","Cleveland","OH","44120-2041","Site Based","Open","C-","C","483475.04","100.0","1"
"000738","HBCU Preparatory School 2","12601 Shaker Blvd","Cleveland","OH","44120-2041","Site Based","Open","NA","NA","778638.73","100.0","3"
"133942","Toledo School For The Arts","333 14th St","Toledo","OH","43604-5459","Site Based","Open","B-","B","4078942.68","84.5","7"
"000608","Summit Academy Transition High School-Cincinnati","5800 Salvia Ave","Cincinnati","OH","45224-3029","Site Based","Open","D-","D","1004578.49","96.9","4"
"000609","Summit Academy Middle School - Lorain","346 Illinois Ave","Lorain","OH","44052-2106","Site Based","Open","C-","D","1554110.35","97.2","4"
"009283","Dayton Early College Academy, Inc","300 College Park","Dayton","OH","45469-0001","Site Based","Open","B","B","2989997.28","90.1","5"
"009192","Foundation Academy","1050 Wyandotte Ave","Mansfield","OH","44906-1939","Site Based","Open","C","C","2538175.39","71.7","1"
"009990","Horizon Science Academy Elementary School","2835 Morse Rd","Columbus","OH","43231-6033","Site Based","Open","C-","D","3417290.45","89.2","3"
"009997","KIPP:  Journey Academy","2750 Agler Rd","Columbus","OH","43224-4616","Site Based","Open","C+","D","2105874.92","84.6","1"
"009971","Ashland County Community Academy","716 Union St","Ashland","OH","44805-1823","Site Based","Open","D","F","789543.91","84.7","1"
"134247","City Day Community School","318 S Main St","Dayton","OH","45402-2716","Site Based","Open","D-","D","1012918.22","84.9","2"
"008000","Lorain Preparatory Academy","3038 Leavitt Rd","Lorain","OH","44052-4112","Site Based","Open","C-","D","860445.07","80.9","2"
"014060","Brown Street Academy","1035 Clay St","Akron","OH","44301-1517","Site Based","Closed","D-","D","NA","NA","0"
"012501","Beacon Hill Academy","PO Box 285","Mount Eaton","OH","44659-0285","Site Based","Open","B-","B","424766.39","94.8","1"
"133421","Graham School, The","3950 Indianola Ave","Columbus","OH","43214-3158","Site Based","Open","D-","C","1820849.82","88.8","3"
"133736","Richard Allen Academy","184 Salem Ave","Dayton","OH","45406-5804","Site Based","Open","F","D","687489.82","98.5","1"
"014090","Berwyn East Academy","1850 Bostwick Rd","Columbus","OH","43227-3374","Site Based","Open","D","C","NA","NA","0"
"143610","Arts & College Preparatory Academy","4401 Hilton Corporate Dr","Columbus","OH","43232-4161","Site Based","Open","A-","B","1640887.22","85.5","5"
"132951","Constellation Schools: Lorain Community Elementary","5983 W 54th St","Parma","OH","44129-3854","Site Based","Open","A-","B","1500912.68","87.5","1"
"000546","Winterfield Venture Academy","305 Wenz Rd","Toledo","OH","43615-6244","Site Based","Open","C-","D","3779902.34","92.0","5"
"000543","Pinnacle Academy","860 E 222nd St","Euclid","OH","44123-3317","Site Based","Open","B-","C","4504455.06","92.1","4"
"000541","Constellation Schools: Outreach Academy for Students with Di","3727 Bosworth Rd","Cleveland","OH","44111-6037","Site Based","Open","NA","F","1156773.10","89.4","0"
"142950","Ohio Virtual Academy","1690 Woodlands Dr Ste 200","Maumee","OH","43537-4045","ESchool                                                                ","Open","D-","C","81591503.56","91.2","10"
"000949","Villaview Community School","1701 E 12th St","Cleveland","OH","44114-3236","Site Based","Open","F","F","803261.57","83.2","0"
"000941","Par Excellence Academy","96 Maholm St","Newark","OH","43055-3906","Site Based","Open","C","C","897609.29","83.3","0"
"000946","Cleveland Community School","1701 E 12th St","Cleveland","OH","44114-3236","Site Based","Open","D","F","992112.59","94.7","0"
"000725","Zenith Academy","8210 Havens Rd","Blacklick","OH","43004-8630","Site Based","Open","C","C","2558801.66","96.0","2"
"014148","Provost Academy Ohio","4707 Hilton Corporate Dr","Columbus","OH","43232-4152","Site Based","Open","NA","NA","NA","NA","4"
"000616","Summit Academy Alternative LearnersWarren Middle & Secondary","1461 Moncrest Dr NW","Warren","OH","44485-1928","Site Based","Open","C-","D","1680031.67","96.8","3"
"000614","Summit Academy Transition High School-Columbus","1855 E Dublin-Granville Rd","Columbus","OH","43229-3516","Site Based","Open","D-","D","1155184.40","96.8","2"
"000613","Heir Force Community School","PO Box 180","Lima","OH","45802-0180","Site Based","Open","B-","C","2007501.31","89.0","1"
"000610","Summit Academy Middle School - Columbus","2521 Fairwood Ave Ste 200","Columbus","OH","43207-2712","Site Based","Open","C-","D","790756.82","97.3","4"
"132779","Summit Academy Akron Middle School","2791 Mogadore Rd","Akron","OH","44312-1504","Site Based","Open","C+","D","968299.48","97.1","3"
"010007","Horizon Science Academy Denison Elementary School","2261 Columbus Rd","Cleveland","OH","44113-4230","Site Based","Open","C-","D","1558391.22","85.3","3"
"010006","Knight Academy","110 Arco Dr","Toledo","OH","43607-2960","Site Based","Closed","NA","NA","1164962.06","78.8","0"
"010005","Horizon Science Academy Cleveland Elementary School","6000 S Marginal Rd","Cleveland","OH","44103-1042","Site Based","Closed","B-","C","1108705.00","86.5","4"
"012541","University of Cleveland Preparatory School","1906 E 40th St","Cleveland","OH","44103-3557","Site Based","Open","C-","D","2706559.08","84.9","2"
"009164","Central Academy of Ohio","2727 Kenwood Blvd","Toledo","OH","43606-3216","Site Based","Open","D","D","1083986.85","93.7","7"
"009163","C.M. Grant Leadership Academy","2030 Leonard Ave","Columbus","OH","43219-2105","Site Based","Open","C-","D","947377.14","83.6","1"
"143602","Hamilton Cnty Math & Science","2675 Civic Center Dr","Cincinnati","OH","45231-1311","Site Based","Open","A-","B","3026373.69","92.5","3"
"012644","STEAM Academy of Warren","261 Elm Rd NE","Warren","OH","44483-5003","Site Based","Open","C","D","1036320.22","87.5","2"
"011511","Lakeland Academy Community School","101 E Main St","Freeport","OH","43973-9355","Site Based","Open","C","D","210402.08","77.3","1"
"134213","Middlebury Academy","88 Kent St","Akron","OH","44305-2544","Site Based","Open","C-","D","2695017.00","97.0","9"
"012513","Cincinnati College Preparatory Academy East","4324 Homer Ave","Cincinnati","OH","45227-2943","Site Based","Open","D+","D","2369188.33","85.1","0"
"133538","Edge Academy, The","92 N Union St","Akron","OH","44304-1347","Site Based","Open","D","D","1937587.77","93.2","8"
"133561","Millennium Community School","3500 Refugee Rd","Columbus","OH","43232-4862","Site Based","Open","D+","D","4520087.70","82.3","0"
"013173","Imagine Hill Avenue","6145 Hill Ave","Toledo","OH","43615-5600","Site Based","Open","D","D","958735.09","97.7","4"
"013170","Hope Academy for Autism","1628 Niles Rd SE","Warren","OH","44484-5111","Site Based","Open","C-","F","416552.83","87.2","0"
"013174","Young Scholars Prep School","1533 Cleveland Ave","Columbus","OH","43211-2743","Site Based","Open","D-","F","219052.69","83.8","2"
"013175","Kids Unlimited Academy","2105 N McCord Rd","Toledo","OH","43615-3032","Site Based","Open","D","D","487697.20","91.4","3"
"133413","Electronic Classroom Of Tomorrow","3700 S High St Ste 95","Columbus","OH","43207-4083","ESchool                                                                ","Open","F","D","88370050.21","89.4","8"
"132944","Miami Valley Academies","5656 Springboro Pike","Dayton","OH","45449-2806","Site Based","Open","C","C","1188939.20","86.4","5"
"000534","Constellation Schools: Puritas Community Middle","5730 Broadview Rd","Parma","OH","44134-1602","Site Based","Open","C-","C","986208.95","89.9","0"
"143487","Constellation Schools: Stockyard Community Elementary","3200 W 65th St","Cleveland","OH","44102-5510","Site Based","Open","C-","C","2206241.14","91.2","0"
"143313","West Preparatory Academy","13111 Crossburn Ave","Cleveland","OH","44135-5017","Site Based","Open","D-","D","3316878.66","97.3","8"
"000843","Bennett Venture Academy","5130 Bennett Road","Toledo","OH","43612","Site Based","Open","D+","C","4780902.82","92.3","5"
"143552","Eagle Academy","2014 Consaul St","Toledo","OH","43605-1412","Site Based","Open","D-","D","4208861.62","86.0","4"
"014158","Celerity Tenacia Charter School","4605 Hilton Corporate Dr","Columbus","OH","43232-4151","Site Based","Open","NA","NA","NA","NA","0"
"011985","Theodore Roosevelt Public Community School","1550 Tremont St","Cincinnati","OH","45214-1432","Site Based","Inactive","C-","D","1389207.93","83.4","0"
"011987","Horizon Science Academy Toledo Downtown","425 Jefferson Ave 3rd Fl","Toledo","OH","43604-1060","Site Based","Closed","D","D","2299497.72","83.5","3"
"011986","Horizon Science Academy Youngstown","3403 Southern Blvd","Youngstown","OH","44507-2044","Site Based","Open","D","D","2880448.39","85.3","2"
"012631","Impact Academy Cincinnati","3060 Durrell Ave","Cincinnati","OH","45207-1716","Site Based","Open","F","D","694917.34","75.6","0"
"132761","Summit Academy Community School Alternative Learners -Xenia","1694 Pawnee Dr","Xenia","OH","45385-4126","Site Based","Open","C","D","2030498.64","96.8","2"
"009179","Horizon Science Academy Columbus Middle School","2350 Morse Rd","Columbus","OH","43229-5801","Site Based","Open","C","C","2720559.22","88.8","4"
"009171","Star Academy of Toledo","5025 Glendale Ave","Toledo","OH","43614-1855","Site Based","Open","C","D","1455089.06","83.9","6"
"009957","Klepinger Community School","3650 Klepinger Rd","Dayton","OH","45416-1919","Site Based","Open","C-","D","3423661.69","87.9","3"
"009955","Madison Avenue School of Arts","1511 Madison Ave","Toledo","OH","43604-4433","Site Based","Open","D","D","4629912.75","84.6","4"
"009954","Harrisburg Pike Community School","680 Harrisburg Pike","Columbus","OH","43223-2100","Site Based","Open","C-","D","2828896.51","86.9","2"
"009953","Sullivant Avenue Community School","3435 Sullivant Ave","Columbus","OH","43204-1103","Site Based","Open","C-","D","3090352.57","86.7","5"
"011439","Renaissance Academy","4300 Kimberly Pkwy N","Columbus","OH","43232-8296","Site Based","Open","D","D","1132001.32","88.0","10"
"134288","East End Comm Heritage School","2001 Baltimore Ave","Cincinnati","OH","45225-1404","Site Based","Closed","C-","D","564609.66","99.1","0"
"000304","Summit Academy Community School-Toledo","1853 South Ave","Toledo","OH","43609-2086","Site Based","Open","C-","F","1689371.58","97.4","2"
"133629","Horizon Science Acad Cleveland","6000 S Marginal Rd","Cleveland","OH","44103-1042","Site Based","Open","A-","B","3251677.33","88.8","3"
"013165","Believe To Achieve-Cleveland","12200 Fairhill Rd","Cleveland","OH","44120-1058","Site Based","Closed","C","D","2593363.76","87.7","3"
"013164","Believe to Achieve-Canton","101 Cleveland Ave NW","Canton","OH","44702-1700","Site Based","Closed","D","D","1370508.95","87.7","6"
"143495","Constellation Schools: Mansfield Community Elementary","215 N Trimble Rd","Mansfield","OH","44906-2630","Site Based","Closed","D-","C","1000165.96","87.5","1"
"133587","Summit Academy Akron Elementary School","2503 Leland Ave","Akron","OH","44312-2426","Site Based","Open","D-","D","1979395.90","97.0","8"
"000298","Summit Academy Secondary - Akron","464 S Hawkins Ave","Akron","OH","44320-1228","Site Based","Open","D","C","1353804.64","96.7","4"
"000297","Summit Academy Community School - Dayton","4128 Cedar Ridge Rd","Dayton","OH","45414-3908","Site Based","Open","D+","D","1560542.34","97.2","3"
"000296","Summit Academy Community School-Columbus","2521 Fairwood Ave Ste 100","Columbus","OH","43207-2712","Site Based","Open","C-","F","868926.73","97.6","2"
"148916","Marion City Digital Academy","360 Pennsylvania Ave","Marion","OH","43302-5530","Virtual School","Open","D","D","651520.72","92.9","15"
"000855","Stambaugh Charter Academy","2420 Donald Ave","Youngstown","OH","44509-1306","Site Based","Open","B-","C","3506635.20","91.4","5"
"000858","Horizon Science Academy-Cleveland Middle School","6100 S Marginal Rd","Cleveland","OH","44103-1043","Site Based","Open","B+","C","1067706.74","88.6","2"
"000679","Oakstone Community School","5747 Cleveland Ave","Columbus","OH","43231-2831","Site Based","Open","D-","C","7311314.28","82.8","3"
"000677","New Day Academy Boarding & Day School","8566 Barbara Dr","Mentor","OH","44060-1917","Site Based","Open","C-","D","1694090.82","83.8","3"
"009149","Constellation Schools: Westside Community School of the Arts","5730 Broadview Rd","Parma","OH","44134-1602","Site Based","Open","D+","C","2483400.17","89.3","2"
"009147","Northpointe Academy","3648 Victory Ave","Toledo","OH","43607-2564","Site Based","Open","D-","D","2365413.56","86.0","4"
"012627","STEAM Academy of Akron","1350 Virginia Ave","Akron","OH","44306-3603","Site Based","Open","D-","D","NA","NA","0"
"012626","OAK Leadership Institute","8610 Hough Ave","Cleveland","OH","44106-1566","Site Based","Open","D","D","737883.07","85.6","0"
"012629","Great Expectations Elementary School","20 Arco Dr","Toledo","OH","43607-2901","Site Based","Open","D","D","1324655.37","75.9","0"
"012628","Imagine Integrity Academy","1565 Integrity Dr E","Columbus","OH","43209-2707","Site Based","Open","D","F","791057.96","99.3","2"
"011533","Horizon Science Academy Lorain","2265 Columbus Rd","Cleveland","OH","44113-4230","Site Based","Open","D","C","2988874.16","88.8","4"
"011534","Horizon Science Academy Dayton High School","250 Shoup Mill Rd","Dayton","OH","45415-3517","Site Based","Open","D-","D","2498977.35","89.4","1"
"142943","Focus Learning Academy of Northern Columbus","4795 Evanswood Dr","Columbus","OH","43229-7216","Site Based","Open","C","D","1437869.61","99.8","6"
"133504","Phoenix Community Learning Ctr","3595 Washington Ave","Cincinnati","OH","45229-2609","Site Based","Open","C+","C","2405242.90","86.5","3"
"132969","Constellation Schools: Elyria Community","300 N Abbe Rd","Elyria","OH","44035-3715","Site Based","Open","D","B","3151113.50","87.6","2"
"133215","Intergenerational School, The","11327 Shaker Blvd Ste 200 E.","Cleveland","OH","44104-3805","Site Based","Open","A-","B","1558870.35","82.9","5"
"000510","Springfield Preparatory and Fitness Academy","1615 Selma Rd","Springfield","OH","45505-4245","Site Based","Open","C-","C","1499783.74","100.0","2"
"000511","Northland Preparatory and Fitness Academy","1875 Morse Rd","Columbus","OH","43229-6603","Site Based","Open","C","C","1701905.23","100.0","0"
"143578","Richard Allen Academy III","1206 Shuler Ave","Hamilton","OH","45011-4566","Site Based","Open","D-","D","1161411.49","98.5","3"
"143206","Trotwood Fitness & Prep Acad","3100 Shiloh Springs Rd","Trotwood","OH","45426-2247","Site Based","Open","D","D","2395335.27","100.0","1"
"014005","Secor Gardens Academy","3319 Nebraska Ave","Toledo","OH","43607-2819","Site Based","Closed","NA","NA","NA","NA","NA"
"009154","Cincinnati Leadership Academy","7243 Eastlawn Dr","Cincinnati","OH","45237-3515","Site Based","Open","D-","F","1659258.97","84.4","9"
"008286","Harvard Avenue Community School","12000 Harvard Ave","Cleveland","OH","44105-5444","Site Based","Open","D-","D","4390162.66","80.8","5"
"008287","Groveport Community School","4485 S Hamilton Rd","Groveport","OH","43125-9334","Site Based","Open","C+","C","6537668.84","88.0","6"
"008280","Noble Academy-Columbus","1329 Bethel Rd","Columbus","OH","43220-2611","Site Based","Open","C+","C","1578887.83","92.2","3"
"008281","South Scioto Academy","707 E Jenkins Ave","Columbus","OH","43207-1318","Site Based","Open","C-","D","1167401.68","83.5","3"
"012545","Imagine Woodbury Academy","100 E Woodbury Dr","Dayton","OH","45415-2841","Site Based","Open","D","D","1195472.81","99.6","2"
"134197","Green Inspiration Academy","4265 Northfield Rd","Highland Hills","OH","44128-2811","Site Based","Open","D+","D","3422452.50","96.8","7"
"010036","Cesar Chavez College Preparatory School","1465 Oakland Park Ave","Columbus","OH","43224-3509","Site Based","Open","D","D","351353.42","81.2","1"
"013962","Liberty Preparatory School","741 Winkler Dr","Wooster","OH","44691-1652","Site Based","Open","NA","NA","NA","NA","0"
"013967","Cincinnati Learning Schools","5641 Belmont Ave","Cincinnati","OH","45224-3101","Site Based","Open","F","D","NA","NA","4"
"133512","Cincinnati College Preparatory Academy","1425 Linn St","Cincinnati","OH","45214-2605","Site Based","Open","D+","C","5803791.92","86.5","7"
"013147","STEAM Academy of Warrensville Heights","4700 Richmond Rd Ste 3000","Warrensville Heights","OH","44128-5984","Site Based","Open","C-","D","NA","NA","0"
"013146","STEAM Academy of Dayton","545 Odlin Ave","Dayton","OH","45405-2743","Site Based","Open","D","D","NA","NA","0"
"013148","Stepstone Academy","2121 E 32nd St","Cleveland","OH","44115-2747","Site Based","Open","NA","NA","823494.67","85.7","6"
"000509","Whitehall Preparatory and Fitness Academy","3474 E Livingston Ave","Columbus","OH","43227-2279","Site Based","Open","F","D","1904484.24","100.0","0"
"013034","Village Preparatory School:: Woodland Hills Campus","9201 Crane Ave","Cleveland","OH","44105-1627","Site Based","Open","D-","D","1168200.36","79.5","3"
"013030","Graham Primary School","3950 Indianola Ave","Columbus","OH","43214-3167","Site Based","Open","C-","B","426251.17","58.5","0"
"000875","Westside Academy","4330 Clime Rd North","Columbus","OH","43228-3439","Site Based","Open","D+","D","1030110.28","90.5","0"
"143560","Richard Allen Academy II","184 Salem Ave","Dayton","OH","45406-5804","Site Based","Open","F","D","3189472.98","98.8","4"
"143214","Middletown Fitness & Prep Acad","816 2nd Ave","Middletown","OH","45044-4201","Site Based","Open","C","C","1799388.19","100.0","3"
