"District IRN","District Name","Street Address","City","State","Postal Code","Avg Grade","Letter grade performance index","Charter Transfer","% Spent in Classroom","Avg Teacher Experience","Community School Transfer"
"046524","Wynford Local","3288 Holmes Center Rd","Bucyrus","OH","44820-9463","D+","B","250020.92","100.0","15","-313625.90"
"049957","Tuslaw Local","1835 Manchester Ave NW","Massillon","OH","44647-9623","B","B","156558.94","100.0","16","-203837.12"
"048132","Clearview Local","4700 Broadway","Lorain","OH","44052-5542","B-","C","609377.99","99.9","11","-582408.16"
"048421","Pleasant Local","1107 Owens Rd W","Marion","OH","43302-8421","B-","B","563108.04","99.7","15","-727549.78"
"049791","Hardin-Houston Local","5300 Houston Rd","Houston","OH","45333-8630","C+","B","105824.25","99.8","18","-70282.65"
"044487","New Philadelphia City","248 Front Ave SW","New Philadelphia","OH","44663-2150","C","B","932633.17","99.9","14","-899402.23"
"048041","Southwest Licking Local","927-A South Street","Pataskala","OH","43062","B","B","1092124.27","99.7","13","-1214852.19"
"049817","Russia Local","100 School St","Russia","OH","45363-9811","A","A","29063.67","99.6","24","-42251.20"
"043703","Campbell City","280 6th St","Campbell","OH","44405-1325","C-","C","660394.12","99.9","16","-703302.70"
"044172","Kenton City","222 W Carrol St","Kenton","OH","43326-1202","C","B","407048.58","99.9","16","-414971.35"
"045070","Whitehall City","625 S Yearling Rd","Whitehall","OH","43213-2861","C+","C","2692369.62","99.8","10","-2985993.18"
"044875","Sylvania City","4747 N Holland Sylvania Rd","Sylvania","OH","43560-2116","A","B","1528189.08","99.9","14","-1859333.96"
"044073","Grandview Heights City","1587 W 3rd Ave","Columbus","OH","43212-2825","A-","A","102959.20","99.8","12","-104183.12"
"050625","Edon-Northwest Local","802 W Indiana St","Edon","OH","43518-9627","C+","B","51435.34","100.0","17","-82297.02"
"048819","Northmor Local","5247 County Road 29","Galion","OH","44833-9742","C-","B","325559.16","99.9","14","-317274.76"
"045674","Yellow Springs Exempted Village","201 S Walnut St","Yellow Springs","OH","45387-1805","B-","B","133960.00","100.0","19","-59508.95"
"045856","Buckeye Local","3436 Edgewood Dr","Ashtabula","OH","44004-5967","B-","B","274141.72","100.0","14","-249561.34"
"048652","Switzerland Of Ohio Local","304 Mill St","Woodsfield","OH","43793-1256","F","C","316256.81","99.8","19","-418327.75"
"047175","Cardinal Local","PO Box 188","Middlefield","OH","44062-0188","C","B","308795.97","99.6","16","-318163.60"
"049494","Adena Local","3367 County Road 550","Frankfort","OH","45628-9503","B","B","180490.35","99.9","15","-157216.70"
"044271","Loveland City","757 S Lebanon Rd","Loveland","OH","45140-9308","B-","B","296801.04","99.9","16","-313633.06"
"048223","Springfield Local","6900 Hall St","Holland","OH","43528-9485","B-","B","1329024.77","99.9","15","-1908059.41"
"048553","Marion Local","7956 State Route 119","Maria Stein","OH","45860-9710","B","A","7072.85","99.7","16","-14632.15"
"048728","Northmont City","4001 Old Salem Rd","Englewood","OH","45322-2681","C+","B","1040407.09","99.8","9","-1417700.97"
"046441","Southern Local","38095 State Route 39","Salineville","OH","43945-9726","C","C","118437.46","100.0","15","-209113.47"
"044099","Greenville City","215 W 4th St","Greenville","OH","45331-1423","C+","B","767254.77","99.9","15","-818033.12"
"049643","Valley Local","1821 State Route 728","Lucasville","OH","45648-8510","B-","B","179480.20","99.7","13","-180430.69"
"049924","Perry Local","4201 13th St SW","Massillon","OH","44646-3447","B+","B","421968.10","99.9","11","-334007.38"
"045971","Waynesfield-Goshen Local","500 N Westminster St","Waynesfield","OH","45896-9448","B-","B","118461.29","100.0","17","-78845.13"
"043554","Beachwood City","24601 Fairmount Blvd","Beachwood","OH","44122-2298","A","A","72985.01","99.9","13","-66789.57"
"050724","Otsego Local","PO Box 290","Tontogany","OH","43565-0290","C","B","206398.12","99.9","20","-198345.49"
"050443","Little Miami Local","7247 Zoar Rd","Maineville","OH","45039-8098","A","B","808678.33","99.8","12","-869260.83"
"046078","Ripley-Union-Lewis-Huntington Local","PO Box 85","Ripley","OH","45167-0085","B","B","137390.54","99.9","12","-148541.49"
"047852","Fredericktown Local","117 Columbus Rd","Fredericktown","OH","43019-1272","C","B","127936.28","99.7","17","-144658.68"
"043794","Cleveland Heights-University Heights City","2155 Miramar Blvd","University Heights","OH","44118-3301","B-","C","2600560.86","99.6","10","-3052463.40"
"044396","Miamisburg City","540 E. Park Ave","Miamisburg","OH","45342-2854","B","B","1694748.96","99.8","13","-1561680.12"
"043828","Coshocton City","1207 Cambridge Rd","Coshocton","OH","43812-2742","B-","C","500622.37","99.8","14","-565418.10"
"046177","Brown Local","401 W Main St","Malvern","OH","44644-9482","C","C","210671.29","99.6","16","-220876.14"
"048033","Northridge Local","6066 Johnstown Utica Rd","Johnstown","OH","43031-9408","D+","B","263944.00","99.6","15","-271193.51"
"044552","Norton City","4128 Cleveland Massillon Rd","Norton","OH","44203-5633","A-","B","364122.46","100.0","13","-400843.02"
"044008","Franklin City","150 E 6th St","Franklin","OH","45005-2559","C-","B","810217.38","99.7","13","-998855.89"
"044412","Mt Healthy City","7615 Harrison Ave","Cincinnati","OH","45231-3107","D+","D","2924966.43","99.9","14","-3216721.33"
"050369","Lincolnview Local","15945 Middle Point Rd","Van Wert","OH","45891-9769","C","B","120275.07","99.7","19","-90685.96"
"044891","Tiffin City","244 S Monroe St","Tiffin","OH","44883-2906","B-","B","1305622.84","99.7","16","-1154904.07"
"050393","Vinton County Local","307 W High St","Mc Arthur","OH","45651-1093","D","C","255192.60","99.7","13","-371539.47"
"045559","New Richmond Exempted Village","212 Market St Fl 3RD","New Richmond","OH","45157-1373","B","B","338242.90","99.9","16","-383094.69"
"050534","Chippewa Local","56 N Portage St","Doylestown","OH","44230-1350","B+","B","271842.45","99.9","6","-225741.55"
"046284","Clark-Shawnee Local","3680 Selma Rd","Springfield","OH","45502-6310","B+","B","317764.84","99.7","19","-325752.32"
"050245","LaBrae Local","1001 N Leavitt Rd","Leavittsburg","OH","44430-9644","A-","B","591503.31","99.7","15","-545868.97"
"047688","East Holmes Local","PO Box 182","Berlin","OH","44610-0182","A","B","128416.86","99.8","18","-118851.10"
"045419","Hicksville Exempted Village","958 E High St","Hicksville","OH","43526-1258","B","B","116748.99","99.7","12","-122544.44"
"047928","Dawson-Bryant Local","222 Lane St","Coal Grove","OH","45638-2947","B-","B","46012.19","99.9","11","-91442.04"
"047514","Riverdale Local","20613 State Route 37","Mt Blanchard","OH","45867-9783","C","B","121693.52","99.9","17","-120977.15"
"046672","Mississinawa Valley Local","1469 State Road 47 E","Union City","OH","45390-8628","B","B","85818.05","100.0","16","-97223.32"
"050435","Kings Local","1797 King Ave","Kings Mills","OH","45034","B","B","451762.87","99.7","16","-538191.15"
"049031","Wayne Trace Local","4915 US Route 127","Haviland","OH","45851-9738","D","B","126729.15","100.0","15","-81320.12"
"044305","Maple Heights City","5740 Lawn Ave","Maple Heights","OH","44137-3870","C-","D","1767332.66","99.6","10","-3019708.38"
"044958","Vandalia-Butler City","306 S Dixie Dr","Vandalia","OH","45377-2128","B","B","660869.99","99.9","17","-731226.10"
"043489","Akron City","70 N Broadway St","Akron","OH","44308-1911","D+","D","25107355.41","99.7","13","-29134278.01"
"043893","Dover City","219 W 6th St","Dover","OH","44622-2803","C+","B","261854.98","99.7","18","-309173.47"
"046474","Ridgewood Local","301 S Oak St","West Lafayette","OH","43845-1339","C-","B","181334.69","99.9","15","-108690.43"
"043950","Euclid City","651 E 222nd St","Euclid","OH","44123-2031","C","D","6864032.09","99.7","15","-8607702.80"
"047456","McComb Local","328 S Todd St","McComb","OH","45858-0877","C+","B","84867.22","100.0","14","-93561.45"
"065680","Gallia County Local","4836 State Route 325","Patriot","OH","45658-8960","C+","B","272144.21","99.9","15","-416261.25"
"049197","Field Local","2900 State Route 43","Mogadore","OH","44260-9715","C+","B","1362695.11","99.8","14","-1584699.40"
"049627","Minford Local","PO Box 204","Minford","OH","45653-0204","B","B","420377.17","99.9","15","-503059.43"
"047332","Finneytown Local","8916 Fontainebleau Ter","Cincinnati","OH","45231-4806","C","B","368098.63","99.7","16","-447478.83"
"044826","Steubenville City","PO Box 189","Steubenville","OH","43952-5189","C","B","459992.50","99.7","17","-637809.90"
"044735","Salem City","1226 E State St","Salem","OH","44460-2222","B","B","344847.37","99.7","15","-422477.00"
"043687","Bucyrus City","170 Plymouth St","Bucyrus","OH","44820-1627","C+","C","674709.38","99.8","15","-914091.21"
"000442","Manchester Local","130 Wayne Frye Dr","Manchester","OH","45144-9314","C","B","163817.66","99.6","14","-181938.35"
"050278","Garaway Local","146 Dover Rd NW","Sugarcreek","OH","44681-9309","C+","B","163379.62","100.0","19","-255575.31"
"046623","Ansonia Local","PO Box 279","Ansonia","OH","45303-0279","A-","B","68012.43","100.0","17","-74467.25"
"045153","Xenia Community City","819 Colorado Dr","Xenia","OH","45385-4859","C+","C","2494859.95","99.9","13","-2363635.71"
"046599","Richmond Heights Local","447 Richmond Rd","Richmond Heights","OH","44143-1429","D","D","628922.21","99.6","11","-774492.93"
"045526","Montpelier Exempted Village","PO Box 193","Montpelier","OH","43543-0193","C","B","172845.38","99.9","11","-218930.67"
"047639","Lynchburg-Clay Local","PO Box 515","Lynchburg","OH","45142-0515","B+","B","111379.25","100.0","11","-123856.05"
"045252","Caldwell Exempted Village","516 Fairground St","Caldwell","OH","43724-1175","D+","C","173464.54","99.7","15","-159393.24"
"046219","West Liberty-Salem Local","7208 US Highway 68 N","West Liberty","OH","43357-9663","C+","B","123885.90","100.0","17","-98815.35"
"047209","Ledgemont Local","16200 Burrows Rd","Thompson","OH","44086-9737","D","C","145622.93","100.0","12","-192308.40"
"044123","Hillsboro City","39 Willetsville Pike","Hillsboro","OH","45133-8277","B-","B","539876.56","100.0","12","-707932.84"
"049536","Union-Scioto Local","1565 Egypt Pike","Chillicothe","OH","45601-3974","D+","B","292868.29","99.8","7","-342164.41"
"046607","Solon City","33800 Inwood Dr","Solon","OH","44139-4133","A","A","210028.51","99.9","16","-198545.58"
"045484","Mechanicsburg Exempted Village","60 High St","Mechanicsburg","OH","43044-1071","A-","B","160684.39","100.0","17","-143705.51"
"049106","Westfall Local","19463 Pherson Pike","Williamsport","OH","43164-9745","D+","B","271891.59","100.0","8","-248460.24"
"049361","Miller City-New Cleveland Local","PO Box 38","Miller City","OH","45864-0038","B","A","7472.12","99.7","15","-10168.65"
"047027","Dublin City","7030 Coffman Rd","Dublin","OH","43017-1068","A","A","1232042.41","99.8","13","-1263878.49"
"046821","Vermilion Local","1230 Beechview Dr","Vermilion","OH","44089-1604","B-","B","326888.89","100.0","12","-277613.60"
"045807","Spencerville Local","600 School St","Spencerville","OH","45887-1293","B","B","125550.78","100.0","13","-106499.14"
"049445","Lucas Local","84 Lucas North Rd","Lucas","OH","44843-9532","B","B","79899.90","100.0","16","-66465.07"
"049692","Bettsville Local","PO Box 6","Bettsville","OH","44815-0006","D","C","60974.34","100.0","7","-74203.57"
"049155","Western Local","PO Box 130","Latham","OH","45646-0130","C","D","116280.78","99.9","13","-133433.87"
"044230","Lockland Local","210 N Cooper Ave","Cincinnati","OH","45215-3011","D+","D","207062.13","99.9","16","-233137.24"
"048264","Jonathan Alder Local","9200 US Route 42 S","Plain City","OH","43064","C+","B","327268.47","100.0","9","-313183.67"
"050062","Springfield Local","2410 Massillon Rd","Akron","OH","44312-4258","C","C","855509.13","100.0","16","-990055.83"
"043638","Bowling Green City","137 Clough St","Bowling Green","OH","43402-2901","C+","B","417282.28","99.9","17","-480889.13"
"044602","Oregon City","5721 Seaman St","Oregon","OH","43616-2631","C","B","755048.23","100.0","14","-956594.08"
"045328","Columbiana Exempted Village","700 Columbiana Waterford Rd","Columbiana","OH","44408-9499","B+","B","75555.85","99.9","13","-79127.15"
"048348","Poland Local","3199 Dobbins Rd","Poland","OH","44514-2327","B","B","128849.53","99.8","14","-162322.97"
"046854","Berne Union Local","506 N Main St","Sugar Grove","OH","43155-0187","C","B","119541.32","100.0","12","-88243.20"
"045633","Versailles Exempted Village","PO Box 313","Versailles","OH","45380-0313","A-","A","77535.03","100.0","11","-93576.80"
"048611","Bethel Local","7490 State Route 201","Tipp City","OH","45371-7316","C","B","160527.32","100.0","22","-201755.57"
"046508","Buckeye Central Local","938 S Kibler St","New Washington","OH","44854-9521","B-","B","187888.09","100.0","12","-165144.41"
"048165","Keystone Local","PO Box 65","Lagrange","OH","44050-0065","B-","B","382827.69","100.0","8","-364226.98"
"048009","Licking Heights Local","6539 Summit Rd SW","Pataskala","OH","43062-8767","B+","B","1164266.03","100.0","10","-1397456.99"
"044198","Lakewood City","1470 Warren Rd","Lakewood","OH","44107-3918","B-","B","2093421.94","99.8","14","-2516678.52"
"048215","Ottawa Hills Local","3600 Indian Rd","Toledo","OH","43606-2425","A-","A","40872.46","99.9","20","-41041.24"
"049841","Fairless Local","11885 Navarre Rd SW","Navarre","OH","44662-9485","A","B","238346.76","100.0","17","-304762.03"
"043752","Cincinnati City","PO Box 5381","Cincinnati","OH","45201-5381","F","C","52447253.03","99.6","18","-56673410.57"
"046136","New Miami Local","600 Seven Mile Ave","Hamilton","OH","45011-5748","D-","C","177663.19","100.0","10","-144445.15"
"050617","Edgerton Local","111 E River St","Edgerton","OH","43517-9623","C","B","106877.89","99.6","18","-84379.20"
"044040","Garfield Heights City","5640 Briarcliff Dr","Garfield Heights","OH","44125-4158","D+","D","1989950.09","99.6","11","-2360142.02"
"044511","North College Hill City","1731 Goodman Ave","Cincinnati","OH","45239-4844","C-","D","465186.23","99.8","12","-727237.96"
"045773","Elida Local","4380 Sunnydale St","Elida","OH","45807-9593","B-","B","686313.25","99.8","16","-796177.05"
"044693","Reading Community City","1301 Bonnell St","Reading","OH","45215-3322","D","B","226440.12","99.9","15","-275182.78"
"044289","Madeira City","7465 Loannes Dr","Cincinnati","OH","45243-1851","B+","A","84474.64","100.0","13","-56681.36"
"049999","Coventry Local","2910 S Main St","Akron","OH","44319-1849","B-","B","251993.07","99.7","14","-253786.82"
"050203","Lordstown Local","1824 Salt Springs Rd","Warren","OH","44481-9735","C","B","134065.30","99.6","12","-259842.44"
"048710","New Lebanon Local","320 S Fuls Rd","New Lebanon","OH","45345","B-","B","187176.35","99.8","15","-181578.16"
"044990","Warren City","105 High Street","Warren","OH","44481","D-","D","5848595.31","99.8","14","-6916670.72"
"049239","Streetsboro City","9000 Kirby Ln","Streetsboro","OH","44241-1725","C+","B","444106.74","99.9","13","-339890.42"
"047803","Indian Creek Local","587 Bantam Ridge Rd","Wintersville","OH","43953-4231","D","C","375077.69","99.8","22","-466710.48"
"047969","Symmes Valley Local","14778 State Route 141","Willow Wood","OH","45696-9015","C","B","63242.30","100.0","15","-35729.14"
"048488","Cloverleaf Local","8525 Friendsville Rd","Lodi","OH","44254-9706","B+","B","797896.72","99.8","14","-781556.56"
"046516","Colonel Crawford Local","PO Box 7","North Robinson","OH","44856-0007","B-","B","216045.27","99.7","20","-223168.29"
"046433","Crestview Local","44100 Crestview Rd Ste A","Columbiana","OH","44408-9660","B","B","126468.49","99.9","17","-119910.06"
"043919","East Liverpool City","810 W 8th St","East Liverpool","OH","43920-2302","D+","C","1146291.86","99.9","16","-1136676.02"
"047415","Arcadia Local","19033 State Route 12","Arcadia","OH","44804-9714","C","B","39076.83","99.9","13","-78536.38"
"046003","Shadyside Local","3890 Lincoln Ave","Shadyside","OH","43947-1319","D","B","56072.06","99.9","19","-43374.75"
"044461","New Boston Local","#1 Glenwood Tiger Trail","New Boston","OH","45662","D-","C","134284.99","99.6","14","-301088.90"
"050575","Northwestern Local","7571 N Elyria Rd","West Salem","OH","44287-9707","B-","B","196169.54","100.0","15","-158606.21"
"046979","Groveport Madison Local","5940 Clyde Moore Dr","Groveport","OH","43125-2009","F","C","9567319.40","99.6","10","-10600971.76"
"043851","Deer Park Community City","4131 Matson Ave","Cincinnati","OH","45236-2509","C","B","374867.55","99.6","14","-379617.20"
"044347","Martins Ferry City","5001 Ayers Limestone Rd","Martins Ferry","OH","43935-1588","B","B","96447.95","99.7","15","-183242.31"
"049098","Teays Valley Local","385 Viking Way","Ashville","OH","43103-9638","B-","B","597671.92","99.9","16","-760683.35"
"044867","Sycamore Community City","5959 Hagewa Dr","Blue Ash","OH","45242-6240","B+","A","256565.83","99.8","16","-239681.51"
"049544","Zane Trace Local","946 State Route 180","Chillicothe","OH","45601-8141","C","C","191611.06","99.7","15","-205178.67"
"045617","Tipp City Exempted Village","90 S Tippecanoe Dr","Tipp City","OH","45371-1139","A-","B","233067.14","99.8","16","-306918.05"
"045567","Newton Falls Exempted Village","909 1/2 Milton Blvd","Newton Falls","OH","44444-9707","C-","B","320070.00","99.9","19","-423136.94"
"044909","Toledo City","420 E Manhattan Blvd","Toledo","OH","43608-1200","C+","D","71042443.50","99.7","16","-73472739.12"
"044339","Marion City","420 Presidential Dr","Marion","OH","43302-5173","D-","C","2735510.75","99.9","15","-3302622.85"
"050336","North Union Local","12920 State Route 739","Richwood","OH","43344-9728","B+","B","335786.32","100.0","12","-283326.66"
"047241","Beavercreek City","3040 Kemp Rd","Beavercreek","OH","45431-2644","A-","B","1388026.57","99.8","16","-1289184.86"
"049064","Southern Local","10397 State Route 155 SE # 1","Corning","OH","43730-9710","C+","B","79786.84","100.0","13","-88953.30"
"049148","Waverly City","1 Tiger Dr","Waverly","OH","45690-8704","C","C","221711.37","99.9","17","-241431.61"
"045112","Wilmington City","341 S Nelson Ave","Wilmington","OH","45177-2034","C","B","885979.88","100.0","16","-1069069.87"
"046649","Franklin Monroe Local","PO Box 78","Pitsburg","OH","45358-0078","C+","B","59863.36","99.6","17","-37391.79"
"046318","Bethel-Tate Local","675 West Plane Street","Bethel","OH","45106","B+","B","358608.90","100.0","17","-323514.86"
"045401","Greenfield Exempted Village","200 N 5th St","Greenfield","OH","45123-1373","D+","C","373881.13","99.9","13","-413875.49"
"045443","Leetonia Exempted Village","450 Walnut St","Leetonia","OH","44431-1075","B","B","127749.63","100.0","20","-101850.52"
"047738","South Central Local","3305 Greenwich Angling Rd","Greenwich","OH","44837-9443","B-","B","120269.49","100.0","19","-110706.95"
"045781","Perry Local","4065 W. Lincoln Hwy","Gomer","OH","45809","C","C","184598.99","99.9","13","-147932.39"
"046482","River View Local","26496 State Route 60","Warsaw","OH","43844-9714","D+","B","353104.02","99.8","13","-447408.93"
"043521","Athens City","25 S Plains Rd","The Plains","OH","45780-1333","C-","B","461856.26","99.9","8","-552342.96"
"046094","Edgewood City","3440 Busenbark Rd","Trenton","OH","45067-7612","C","B","651372.57","99.8","14","-733263.03"
"046722","Northeastern Local","5921 Domersville Rd","Defiance","OH","43512-9121","B-","B","99155.77","99.9","21","-47798.40"
"047340","Forest Hills Local","7550 Forest Rd","Cincinnati","OH","45255-4307","B","B","357406.48","99.7","15","-396415.26"
"047068","Fayette Local","400 E Gamble Rd","Fayette","OH","43521-9462","B-","B","85011.51","99.7","23","-54032.40"
"046946","Canal Winchester Local","100 Washington St","Canal Winchester","OH","43110-1224","A-","B","983418.72","99.9","13","-1082589.85"
"049718","New Riegel Local","44 N Perry St","New Riegel","OH","44853-9776","C-","B","32087.59","100.0","13","-30357.88"
"046862","Bloom-Carroll Local","5240 Plum Rd","Carroll","OH","43112-9716","B","B","303673.84","99.9","16","-322920.69"
"044644","Piqua City","719 E Ash St","Piqua","OH","45356-2411","D+","C","640083.25","99.8","13","-739507.96"
"043679","Bryan City","1350 Fountain Grove Dr","Bryan","OH","43506-8733","B","B","226777.52","99.9","16","-297609.73"
"044768","Sheffield-Sheffield Lake City","1824 Harris Rd","Sheffield Village","OH","44054-2628","B+","B","563925.10","100.0","11","-639726.03"
"046896","Pickerington Local","90 East St.","Pickerington","OH","43147-1061","B-","B","2138392.38","99.7","13","-2196624.72"
"047746","Western Reserve Local","3765 US Rt 20","Collins","OH","44826","C","B","222206.08","99.9","16","-216354.74"
"045203","Barnesville Exempted Village","210 W Church St","Barnesville","OH","43713-1069","D","B","99759.26","99.9","16","-97404.52"
"045369","Fairport Harbor Exempted Village","329 Vine St","Fairport Harbor","OH","44077-5741","B-","B","136755.48","100.0","14","-119795.90"
"048306","Boardman Local","7410 Market St","Youngstown","OH","44512-5612","B","B","944153.34","99.9","15","-864154.60"
"050021","Hudson City","2400 Hudson Aurora Rd","Hudson","OH","44236-2322","A-","A","225791.74","99.9","18","-167901.16"
"047985","Johnstown-Monroe Local","441 S Main St","Johnstown","OH","43031-1297","B","B","464078.26","100.0","12","-544734.78"
"050591","Triway Local","3205 Shreve Rd","Wooster","OH","44691-4439","B-","B","249617.15","100.0","16","-258054.36"
"046268","Northwestern Local","5610 Troy Rd","Springfield","OH","45502-9032","B+","B","384881.24","100.0","15","-317913.10"
"049668","Wheelersburg Local","PO Box 340","Wheelersburg","OH","45694-0340","C","B","357152.65","99.7","14","-437720.99"
"045161","Youngstown City","PO Box 550","Youngstown","OH","44501-0550","D-","D","22315777.53","99.7","15","-22250651.96"
"045385","Gibsonburg Exempted Village","301 S Sunset Ave","Gibsonburg","OH","43431-1264","D","B","93712.43","99.8","16","-105184.44"
"048942","Genoa Area Local","2810 N Genoa Clay Center Rd","Genoa","OH","43430-9730","C+","B","237182.10","99.9","12","-222630.35"
"048538","Southern Local","920 Elm St","Racine","OH","45771-8902","B","B","185721.61","100.0","7","-150445.68"
"049437","Lexington Local","103 Clever Ln","Lexington","OH","44904-1209","B+","B","452067.27","99.9","17","-581992.87"
"048124","Avon Lake City","175 Avon Belden Rd","Avon Lake","OH","44012-1600","B","A","316162.54","99.7","16","-383319.39"
"049809","Jackson Center Local","PO Box 849","Jackson Center","OH","45334-0849","C","B","49152.37","99.9","19","-64612.90"
"044495","Niles City","309 N Rhodes Ave","Niles","OH","44446-3821","B-","B","1273189.68","99.6","16","-1388758.03"
"061903","Adams County/Ohio Valley Local","141 Lloyd Rd","West Union","OH","45693-8974","C","B","531923.60","99.8","16","-566019.75"
"043711","Canton City","1312 5th St SW","Canton","OH","44707-4657","D-","D","7565211.69","99.8","14","-8321381.94"
"045062","Westlake City","27200 Hilliard Blvd","Westlake","OH","44145-3049","B+","B","397937.13","100.0","16","-593255.83"
"050658","Stryker Local","400 S Defiance St","Stryker","OH","43557-9307","D+","C","42613.85","100.0","13","-71568.95"
"047761","Oak Hill Union Local","205 Western Ave","Oak Hill","OH","45656-1068","C","B","209591.13","99.7","13","-189885.10"
"044164","Kent City","321 N Depeyster St","Kent","OH","44240-2514","B+","B","404201.85","99.8","12","-544058.41"
"050153","Mathews Local","4434B Warren Sharon Rd","Vienna","OH","44473-9644","C-","B","176537.50","99.6","16","-179959.69"
"044248","Logan-Hocking Local","2019 E Front St","Logan","OH","43138","C","B","542768.76","99.9","17","-676875.66"
"049890","Minerva Local","406 East St","Minerva","OH","44657-1429","C+","B","334585.38","99.8","26","-316717.55"
"045666","Windham Exempted Village","9530 Bauer Ave","Windham","OH","44288-1004","D","C","135830.42","100.0","21","-125618.11"
"049320","Continental Local","5211 State Route 634","Continental","OH","45831-9155","C-","B","95209.36","99.7","20","-82226.21"
"044792","South Euclid-Lyndhurst City","5044 Mayfield Rd","Lyndhurst","OH","44124-2605","C+","C","619258.92","99.9","15","-782301.80"
"048629","Miami East Local","3825 N State Route 589","Casstown","OH","45312-9707","B","B","129765.64","99.8","16","-106653.45"
"048231","Washington Local","3505 W Lincolnshire Blvd","Toledo","OH","43606-1231","B-","B","2596894.97","99.9","14","-2711352.72"
"047183","Chardon Local","428 North St","Chardon","OH","44024-1036","B+","B","545402.81","99.9","15","-574245.83"
"045880","Pymatuning Valley Local","PO Box 1180","Andover","OH","44003-1180","B-","B","191231.83","99.7","13","-252679.71"
"048330","Lowellville Local","52 Rocket Place","Lowellville","OH","44436","B-","B","25065.25","100.0","10","-15143.65"
"048751","Huber Heights City","5954 Longford Rd","Huber Heights","OH","45424-2943","C-","C","3877309.50","99.9","16","-3933499.19"
"045922","Trimble Local","1 Tomcat Dr","Glouster","OH","45732-9335","D+","C","99967.37","100.0","19","-130695.50"
"049932","Plain Local","901 44th St NW","Canton","OH","44709-1611","B+","B","1487147.72","99.9","16","-1656926.33"
"045948","Minster Local","50 E 7th St","Minster","OH","45865-1095","A-","A","48083.97","100.0","22","-38319.15"
"046045","Fayetteville-Perry Local","551 S Apple St","Fayetteville","OH","45118-8461","B-","B","129974.12","99.8","11","-146329.65"
"043562","Bedford City","475 Northfield Rd","Bedford","OH","44146-2201","C+","C","1008658.35","99.9","7","-1390124.15"
"044420","Mount Vernon City","300 Newark Rd","Mount Vernon","OH","43050-4510","D+","B","1018468.99","99.7","16","-942074.81"
"044388","Medina City","739 Weymouth Rd","Medina","OH","44256-2037","B-","B","1163031.66","99.9","16","-1222930.99"
"045625","Upper Sandusky Exempted Village","800 N Sandusky Ave","Upper Sandusky","OH","43351-1032","B-","B","349224.68","99.9","21","-361469.53"
"049411","Clear Fork Valley Local","92 Hines Ave","Bellville","OH","44813-1232","C","B","341195.16","99.9","16","-298793.36"
"043810","Conneaut Area City","400 Mill St","Conneaut","OH","44030-2442","B-","C","505582.87","99.7","14","-555226.33"
"043760","Circleville City","388 Clark Dr","Circleville","OH","43113-1517","D-","C","546246.62","99.7","14","-739785.39"
"050716","Northwood Local","500 Lemoyne Rd","Northwood","OH","43619-1810","C+","B","88147.92","100.0","19","-132007.34"
"045013","Washington Court House City","306 Highland Ave","Washington Court Hou","OH","43160-1819","B","C","402298.18","100.0","14","-378270.61"
"044545","North Royalton City","6579 Royalton Rd","North Royalton","OH","44133-4925","A-","B","644063.17","99.9","11","-811034.54"
"044016","Fremont City","500 W State St","Fremont","OH","43420-2572","C+","C","746122.79","99.7","13","-708730.08"
"048439","Ridgedale Local","3103 Hillman Ford Rd","Morral","OH","43337-9302","C","C","359887.37","99.6","17","-286112.05"
"044941","Urbana City","711 Wood St","Urbana","OH","43078-1498","C","C","1023706.77","100.0","18","-977938.77"
"050419","Carlisle Local","724 Fairview Dr","Carlisle","OH","45005-3148","C","B","469016.03","99.9","13","-589522.54"
"050542","Dalton Local","PO Box 514","Dalton","OH","44618-0514","C+","B","140527.16","99.7","19","-132971.87"
"047936","Fairland Local","228 Private Drive 10010","Proctorville","OH","45669-8600","B","B","302927.76","100.0","10","-333043.71"
"046276","Southeastern Local","226 Clifton Rd","South Charleston","OH","45368-9602","B-","B","140796.59","100.0","17","-152743.25"
"046763","Olentangy Local","814 Shanahan Rd Ste 100","Lewis Center","OH","43035-9078","A","A","1186474.12","99.8","12","-1236898.41"
"047837","Danville Local","PO Box 30","Danville","OH","43014-0030","C","C","188969.86","99.9","18","-177746.22"
"050427","Springboro Community City","1685 S Main St","Springboro","OH","45066-1524","C+","B","589073.61","99.9","14","-605782.23"
"047449","Liberty-Benton Local","9190 County Road 9","Findlay","OH","45840-8811","B","B","125555.09","100.0","16","-55942.47"
"043968","Fairborn City","306 E Whittier Ave","Fairborn","OH","45324-5313","D","C","2925860.71","99.8","16","-2746326.93"
"049650","Washington-Nile Local","15332 Us Highway 52","West Portsmouth","OH","45663-9093","C","C","189174.42","99.7","16","-198531.87"
"043885","Delphos City","234 N Jefferson St","Delphos","OH","45833-1690","B","B","118557.68","100.0","19","-171013.59"
"046193","Graham Local","7790 US Highway 36","Saint Paris","OH","43072-9496","D","C","1216776.23","99.7","17","-289547.76"
"049593","Bloom-Vernon Local","PO Box 237","South Webster","OH","45682-0237","B-","B","202733.23","99.9","18","-158939.22"
"049619","Green Local","4070 Gallia Pike","Franklin Furnace","OH","45629-8889","D","C","36027.65","99.6","14","-99554.19"
"050187","Lakeview Local","300 Hillman Dr","Cortland","OH","44410-1562","B-","B","297903.43","99.7","15","-372407.38"
"046904","Walnut Township Local","11850 Lancaster St","Millersport","OH","43046","C-","B","140515.04","99.9","10","-187804.00"
"044933","Upper Arlington City","1950 N Mallway Dr","Upper Arlington","OH","43221-4398","A","A","415434.31","99.8","16","-320541.79"
"044834","Stow-Munroe Falls City","4350 Allen Rd","Stow","OH","44224-1032","B-","B","640040.32","99.8","17","-647568.38"
"044727","St Marys City","100 W Spring St","Saint Marys","OH","45885-2312","B-","B","181260.17","99.9","18","-310307.43"
"047621","Fairfield Local","11611 State Route 771","Leesburg","OH","45135-8601","B+","B","73392.73","100.0","14","-142124.76"
"049429","Crestview Local","1575 State Route 96","Ashland","OH","44805-9262","C","B","193637.20","99.9","15","-231271.95"
"046995","New Albany-Plain Local","55 N High St","New Albany","OH","43054-7099","B","B","379096.20","99.8","12","-364845.18"
"045534","Mount Gilead Exempted Village","145 N Cherry St","Mount Gilead","OH","43338-1266","C","C","468825.48","99.6","14","-611664.52"
"049296","Twin Valley Community Local","100 Education Dr","West Alexandria","OH","45381-1184","D+","B","214496.39","100.0","21","-217194.17"
"049833","Canton Local","4526 Ridge Ave SE","Canton","OH","44707-1118","C+","B","369134.60","100.0","17","-482501.93"
"046581","Orange City","32000 Chagrin Blvd","Cleveland","OH","44124-5922","A","A","31371.51","100.0","11","-59394.05"
"045245","Harrison Hills City","730 Peppard Ave","Cadiz","OH","43907-1067","C-","C","399721.68","99.6","16","-574804.60"
"047787","Buckeye Local","6899 State Highway 150","Dillonvale","OH","43917-7904","D+","C","279683.78","100.0","12","-294948.23"
"050492","Frontier Local","44870 State Route 7","New Matamoras","OH","45767-6149","D","C","126447.26","99.9","19","-123731.88"
"049056","Northern Local","8700 Sheridan Dr","Thornville","OH","43076-9757","C","B","543367.53","99.9","16","-518349.17"
"046342","Goshen Local","6694 Goshen Rd","Goshen","OH","45122-9273","B-","B","352557.02","99.7","12","-344816.81"
"049502","Huntington Local","188 Huntsman Rd","Chillicothe","OH","45601-9378","C+","C","258644.65","100.0","13","-271943.33"
"048678","Brookville Local","75 June Pl","Brookville","OH","45309-1621","B-","B","204627.71","99.9","16","-211088.72"
"049270","National Trail Local","6940 Oxford Gettysburg Rd","New Paris","OH","45347-9065","D+","B","165725.03","99.9","13","-229989.00"
"045831","Mapleton Local","635 County Road 801","Ashland","OH","44805-9571","C-","B","223721.55","99.9","17","-286838.63"
"048900","Noble Local","20977 Zep Rd E","Sarahsville","OH","43779-9702","D","C","110081.30","99.6","15","-144299.55"
"044610","Orrville City","815 N Ella St","Orrville","OH","44667-1154","C","B","300673.41","99.7","17","-250097.41"
"044594","Oberlin City","153 N Main St","Oberlin","OH","44074-1173","B-","B","234818.97","99.9","12","-332317.15"
"049684","Seneca East Local","13343 E US Highway 224","Attica","OH","44807-9301","C","B","83955.65","99.8","9","-98864.83"
"050690","Lake Local","28090 Lemoyne Rd","Millbury","OH","43447-9747","C+","B","263810.30","99.9","12","-393407.41"
"045336","Covington Exempted Village","25 N Grant St","Covington","OH","45318-1621","C+","B","42381.24","99.9","16","-82922.67"
"048272","Madison-Plains Local","55 Linson Rd","London","OH","43140-9751","C","C","328310.93","99.9","13","-305154.43"
"050054","Revere Local","PO Box 340","Bath","OH","44210-0340","B+","B","213399.29","99.7","16","-225691.08"
"044206","Lancaster City","345 E Mulberry St","Lancaster","OH","43130-3166","B","B","1995686.88","99.9","10","-1702726.02"
"050112","Bristol Local","PO Box 260","Bristolville","OH","44402-0260","B","B","238262.45","99.8","14","-235233.59"
"044750","Shaker Heights City","15600 Parkland Dr","Shaker Heights","OH","44120-2529","C+","B","586185.61","99.7","13","-693923.30"
"043620","Bexley City","348 S Cassingham Rd","Bexley","OH","43209-1897","A","B","427998.00","100.0","18","-399094.21"
"045583","Perrysburg Exempted Village","140 E Indiana Ave","Perrysburg","OH","43551-2261","A","B","519431.03","99.9","10","-561085.13"
"043588","Bellefontaine City","820 Ludlow Rd","Bellefontaine","OH","43311-1852","C+","B","470712.26","99.9","15","-402494.26"
"049205","James A Garfield Local","10235 State Route 88","Garrettsville","OH","44231-9205","B+","B","149738.91","100.0","17","-166272.89"
"049759","Anna Local","PO Box 169","Anna","OH","45302-0169","C+","B","61020.69","99.9","18","-58342.85"
"045237","Bridgeport Exempted Village","55781 National Rd","Bridgeport","OH","43912-1528","C-","C","76440.82","100.0","12","-84013.14"
"047308","Rolling Hills Local","PO Box 38","Byesville","OH","43723-0038","C+","C","298859.67","99.9","14","-289341.60"
"047712","Monroeville Local","101 West St","Monroeville","OH","44847-9797","C-","C","140579.03","99.9","6","-112843.16"
"048876","Tri-Valley Local","36 E Muskingum Ave","Dresden","OH","43821-9701","B+","B","405537.12","99.8","22","-699281.59"
"045906","Alexander Local","6091 Ayers Rd","Albany","OH","45710-9492","B+","B","232439.69","99.7","14","-325387.23"
"048157","Firelands Local","112 N Lake St","South Amherst","OH","44001-2824","B","B","349950.07","99.8","18","-395550.38"
"048017","Licking Valley Local","1379 Licking Valley Rd","Newark","OH","43055-9450","C-","B","283013.35","100.0","15","-324428.86"
"044180","Kettering City","3750 Far Hills Ave","Kettering","OH","45429-2506","A","B","1124016.19","99.9","18","-1178558.30"
"046128","Madison Local","1324 Middletown Eaton Rd","Middletown","OH","45042-1525","B-","B","319156.58","99.7","11","-385618.38"
"049874","Louisville City","407 E Main St","Louisville","OH","44641-1419","B","B","494661.38","99.8","15","-409733.68"
"050500","Warren Local","220 Sweetapple Rd","Vincent","OH","45784-5005","B","B","581674.31","100.0","17","-503625.34"
"049973","Woodridge Local","4411 Quick Rd","Peninsula","OH","44264-9706","B","B","482934.43","99.8","14","-505014.50"
"043729","Celina City","585 E Livingston St","Celina","OH","45822-1742","C-","B","396577.25","99.9","16","-664243.43"
"048934","Danbury Local","9451 E Harbor Rd","Lakeside Marblehead","OH","43440-1310","B","B","27595.53","99.8","21","-50412.97"
"048082","Indian Lake Local","6210 State Route 235 N","Lewistown","OH","43333-9704","D","B","259495.93","99.9","19","-221643.12"
"049379","Ottawa-Glandorf Local","630 Glendale Ave","Ottawa","OH","45875-1162","C+","B","79708.99","99.9","22","-50686.44"
"044057","Geneva Area City","135 S Eagle St","Geneva","OH","44041-1513","B","B","497749.09","99.7","16","-689136.59"
"045757","Allen East Local","9105 Harding Hwy","Harrod","OH","45850-9485","C","B","95656.51","99.9","14","-121728.33"
"049460","Plymouth-Shiloh Local","365 Sandusky St","Plymouth","OH","44865-1135","B+","B","240883.84","99.9","16","-258639.15"
"044297","Mansfield City","PO Box 1448","Mansfield","OH","44901-1448","D","C","7371844.82","99.8","17","-7945509.12"
"047019","Hilliard City","2140 Atlas St","Columbus","OH","43228-9647","A","B","2201848.27","99.8","15","-2118661.18"
"048470","Buckeye Local","3044 Columbia Rd","Medina","OH","44256-9411","A-","B","555195.64","100.0","15","-546641.60"
"049478","Ontario Local","457 Shelby Ontario Rd","Mansfield","OH","44906-1029","C","B","301462.33","100.0","19","-315797.64"
"044115","Heath City","107 Lancaster Dr","Heath","OH","43056-1220","D","B","587104.47","99.6","16","-545439.08"
"045054","West Carrollton City","430 E Pease Ave","West Carrollton","OH","45449-1357","C-","C","1544187.56","99.9","13","-1407416.97"
"048702","Mad River Local","801 Harshman Rd","Dayton","OH","45431-1238","D+","C","1218909.94","99.9","13","-1086784.37"
"050237","Southington Local","2482 State Route 534","Southington","OH","44470-9524","D","B","145275.98","99.6","14","-122009.08"
"048496","Highland Local","3880 Ridge Rd","Medina","OH","44256-7920","B+","B","131371.90","99.8","13","-214077.33"
"046011","Union Local","66779 Belmont Morristown Rd","Belmont","OH","43718-9568","C","C","151400.25","99.7","18","-159726.17"
"050468","Wayne Local","659 Dayton Rd","Waynesville","OH","45068-9588","B","B","222455.35","100.0","16","-169183.84"
"047878","Kirtland Local","9252 Chillicothe Rd","Kirtland","OH","44094-9298","B","B","76238.14","99.9","14","-70633.61"
"046391","Clinton-Massie Local","2556 Lebanon Rd","Clarksville","OH","45113-8201","B+","B","423697.94","99.8","15","-491454.99"
"043539","Barberton City","479 Norton Ave","Barberton","OH","44203-1737","C","C","999228.71","99.7","15","-969187.25"
"043844","Dayton City","115 S Ludlow St","Dayton","OH","45402-1812","F","D","46008078.09","99.6","17","-48378854.67"
"044370","Mayfield City","1101 S.O.M. Center Road","Mayfield Heights","OH","44124-2006","A-","B","436884.37","99.8","17","-396957.73"
"046409","East Clinton Local","97 Astro Way","Sabina","OH","45169-9521","C-","B","187340.52","99.9","13","-202384.90"
"050740","Mohawk Local","605 State Highway 231","Sycamore","OH","44882-9434","C-","B","187859.30","100.0","18","-253130.16"
"043927","East Palestine City","200 West North Avenue","East Palestine","OH","44413-1779","D+","C","243851.34","100.0","14","-266683.42"
"048884","West Muskingum Local","4880 West Pike","Zanesville","OH","43701-9390","C","B","358579.65","100.0","15","-443590.38"
"046151","Talawanda City","131 W Chestnut St","Oxford","OH","45056-2619","B+","B","282120.61","99.7","13","-319537.54"
"045096","Willard City","110 S Myrtle Ave","Willard","OH","44890-1425","C","C","416284.19","99.6","20","-582860.08"
"044479","New Lexington City","PO Box 630","New Lexington","OH","43764-0630","D+","C","564851.25","99.8","13","-555016.45"
"048793","Cardington-Lincoln Local","121 Nichols St","Cardington","OH","43315-1121","D","B","471483.86","99.7","17","-459937.38"
"044578","Norwood City","2132 Williams Ave","Norwood","OH","45212-3806","B-","B","807511.87","100.0","12","-801800.30"
"047589","Liberty Center Local","PO Box 434","Liberty Center","OH","43532-0434","C","B","53321.66","100.0","18","-81915.25"
"046789","Berlin-Milan Local","140 Main St S","Milan","OH","44846-9735","B-","B","239569.88","99.9","19","-246717.50"
"049080","Logan Elm Local","9579 Tarlton Rd","Circleville","OH","43113-9448","B","B","322249.43","99.9","15","-372135.67"
"045575","Paulding Exempted Village","405 N Water St","Paulding","OH","45879-1251","B","B","347781.63","99.8","15","-332630.68"
"050302","Tuscarawas Valley Local","2637 Tuscarawas Valley Rd NE","Zoarville","OH","44656-9692","B","B","219980.57","100.0","14","-247045.89"
"044974","Wadsworth City","524 Broad St","Wadsworth","OH","44281-2306","B+","B","511368.02","99.7","16","-445562.17"
"046300","Batavia Local","2400 Clermont Center Dr","Batavia","OH","45103-1990","C+","B","312912.82","99.9","15","-322873.07"
"050518","Wolf Creek Local","PO Box 67","Waterford","OH","45786-0067","C-","B","18879.94","99.9","17","-56157.20"
"047571","Holgate Local","801 Joe E Brown Ave","Holgate","OH","43527-9802","A-","B","42100.08","100.0","11","-52860.00"
"047274","Bellbrook-Sugarcreek Local","3757 Upper Bellbrook Rd","Bellbrook","OH","45305-8750","A-","A","409108.72","99.8","20","-464514.90"
"047902","Perry Local","4325 Manchester Ave","Perry","OH","44081-9413","B","B","111310.72","99.9","12","-114480.79"
"045476","Marysville Exempted Village","1000 Edgewood Dr","Marysville","OH","43040-2105","B+","B","663983.68","99.8","13","-908640.97"
"049247","Waterloo Local","1464 Industry Rd","Atwater","OH","44201-9349","B-","B","254117.80","99.9","15","-210332.58"
"044982","Wapakoneta City","1102 Gardenia Dr","Wapakoneta","OH","45895-1063","B+","B","375241.53","99.9","18","-349828.01"
"050583","Southeast Local","9048 Dover Rd","Apple Creek","OH","44606-9408","C+","B","532199.69","100.0","16","-571451.88"
"046714","Central Local","6289 Us Highway 127","Sherwood","OH","43556-9735","A-","B","97787.66","99.6","15","-68753.88"
"069682","East Guernsey Local","PO Box 128","Old Washington","OH","43768-0128","D+","C","224211.20","99.7","24","-176728.51"
"048637","Newton Local","PO Box 803","Pleasant Hill","OH","45359-0803","B-","B","23940.59","99.9","10","-29299.50"
"046870","Fairfield Union Local","6417 Cincinnati Zanesville Rd NE","Lancaster","OH","43130-9323","D","B","402953.66","99.9","22","-350615.43"
"049726","Old Fort Local","PO Box 64","Old Fort","OH","44861-0064","B","B","26275.50","99.8","13","-35290.32"
"043661","Brunswick City","3643 Center Rd","Brunswick","OH","44212-3619","C+","B","702677.75","99.8","13","-940516.59"
"046748","Big Walnut Local","105 Baughman St","Sunbury","OH","43074-9334","B-","B","586675.33","100.0","14","-651255.38"
"044800","South-Western City","3805 Marlane Dr","Grove City","OH","43123-9224","B","C","14075064.37","99.7","14","-15294792.58"
"050013","Green Local","PO Box 218","Green","OH","44232-0218","B+","B","456503.56","99.8","13","-481709.39"
"044651","Port Clinton City","811 Jefferson St","Port Clinton","OH","43452-2415","A-","B","237378.77","99.7","5","-241652.63"
"044719","St Bernard-Elmwood Place City","105 Washington Ave","Saint Bernard","OH","45217-1317","C-","C","339026.76","99.8","14","-296618.80"
"046573","Olmsted Falls City","PO Box 38010","Olmsted Falls","OH","44138-0010","B","B","354377.68","99.9","12","-518702.75"
"047191","Kenston Local","17419 Snyder Rd","Chagrin Falls","OH","44023-2730","B-","A","66994.73","99.7","15","-97801.67"
"045278","Carrollton Exempted Village","252 3rd St NE","Carrollton","OH","44615-1236","C+","B","338151.09","99.9","15","-356805.08"
"045377","Georgetown Exempted Village","1043 Mount Orab Pike","Georgetown","OH","45121-8440","B","B","120068.43","99.7","12","-152566.86"
"045179","Zanesville City","160 N 4th St","Zanesville","OH","43701-3518","D-","C","2498675.75","99.8","16","-3030348.67"
"047993","Lakewood Local","PO Box 70","Hebron","OH","43025-0070","B","B","615611.91","99.7","17","-634996.45"
"047613","Bright Local","PO Box 299","Mowrystown","OH","45155-0299","D-","C","132533.61","99.8","13","-138223.05"
"049122","Eastern Local","1170 Tile Mill Rd","Beaver","OH","45613-9435","B-","C","79024.32","100.0","11","-82380.85"
"139303","Monroe Local","500 Yankee Rd","Monroe","OH","45050-1068","B+","B","488988.83","99.7","13","-562116.75"
"045963","New Knoxville Local","345 S Main St","New Knoxville","OH","45871-0476","A","B","32141.54","99.7","13","-33493.35"
"049346","Kalida Local","PO Box 269","Kalida","OH","45853-0269","A-","A","44822.13","99.6","21","-58856.55"
"048686","Jefferson Township Local","2625 S Union Rd","Dayton","OH","45417-5535","D+","D","1179576.54","100.0","7","-1023607.46"
"045393","Granville Exempted Village","PO Box 417","Granville","OH","43023-0417","A-","A","255359.00","99.9","13","-263042.12"
"048298","Austintown Local","700 S Raccoon Rd","Youngstown","OH","44515-3536","D","B","955888.16","99.8","9","-891573.33"
"048520","Meigs Local","41765 Pomeroy Pike","Pomeroy","OH","45769-9411","D","C","385054.84","100.0","15","-386757.01"
"048835","East Muskingum Local","13505 John Glenn School Rd","New Concord","OH","43762-9702","C","B","313438.06","99.9","17","-273803.48"
"049510","Paint Valley Local","7454 Us Highway 50 W","Bainbridge","OH","45612-9708","D","C","295224.86","99.9","14","-290707.67"
"050161","Howland Local","8200 South St SE","Warren","OH","44484-2447","C+","B","746743.59","99.7","17","-815493.41"
"044255","London City","380 Elm St 2nd Fl","London","OH","43140-9220","C","C","991094.64","99.6","7","-950287.82"
"043612","Berea City","390 Fair St","Berea","OH","44017-2308","D+","B","1180979.53","99.7","18","-1344955.60"
"044628","Painesville City Local","58 Jefferson St","Painesville","OH","44077-3114","D+","D","1109988.82","99.7","12","-1255330.36"
"050641","North Central Local","400 E Baubice St","Pioneer","OH","43554-9637","C+","B","57522.41","99.7","10","-62354.55"
"044156","Jackson City","450 Vaughn St","Jackson","OH","45640-1944","B-","B","730778.51","99.8","15","-647790.05"
"049882","Marlington Local","10320 Moulin Ave NE","Alliance","OH","44601-5906","B+","B","345176.73","99.7","15","-380901.53"
"047050","Evergreen Local","14544 County Road 6","Metamora","OH","43540-9741","B+","B","101252.61","99.7","19","-84560.15"
"047720","New London Local","2 Wildcat Dr","New London","OH","44851-9262","B","B","326496.95","99.9","16","-400973.95"
"045658","Wellington Exempted Village","201 S Main St","Wellington","OH","44090-1345","C","B","367960.78","100.0","13","-413270.76"
"049338","Jennings Local","PO Box 98","Fort Jennings","OH","45844-0098","B-","B","10951.51","100.0","26","-5745.00"
"045302","Clyde-Green Springs Exempted Village","106 S Main St","Clyde","OH","43410-1633","B-","B","322611.80","99.9","16","-405914.09"
"044784","Sidney City","750 S 4th Ave","Sidney","OH","45365-1163","C-","C","505258.16","100.0","15","-601086.21"
"045872","Jefferson Area Local","121 S Poplar St","Jefferson","OH","44047-1328","C","B","490436.87","100.0","16","-508681.80"
"048207","Anthony Wayne Local","PO Box 2487","Whitehouse","OH","43571-0487","B","B","625882.12","99.9","13","-695459.22"
"047522","Upper Scioto Valley Local","PO Box 305","Mc Guffey","OH","45859-0305","B-","C","102709.23","100.0","12","-111502.50"
"048744","Valley View Local","59 Peffley St","Germantown","OH","45327-1021","B+","B","381360.02","99.9","11","-355625.15"
"046110","Lakota Local","5572 Princeton Rd","Liberty Township","OH","45011-9726","B+","B","2264792.81","99.8","15","-2088913.50"
"050708","North Baltimore Local","201 S Main St","North Baltimore","OH","45872-1354","D-","C","183609.72","100.0","15","-238986.05"
"048595","Fort Recovery Local","PO Box 604","Fort Recovery","OH","45846-0604","C+","B","13347.15","100.0","16","-5830.29"
"048371","Springfield Local","PO Box 549","New Middletown","OH","44442-0549","C+","B","208245.00","100.0","13","-341290.66"
"049908","Northwest Local","2309 Locust St S","Canal Fulton","OH","44614-9389","B+","B","345886.12","100.0","17","-320225.29"
"049395","Pandora-Gilboa Local","410 Rocket Ridge","Pandora","OH","45877-0389","B-","B","39356.98","100.0","22","-59748.00"
"045955","New Bremen Local","901 E Monroe St","New Bremen","OH","45869-9685","B+","B","13290.11","99.8","19","-11030.40"
"043570","Bellaire Local","340 34th St","Bellaire","OH","43906-1589","B","B","176048.94","99.5","14","-149300.50"
"048843","Franklin Local","PO Box 428","Duncan Falls","OH","43734-0428","B-","B","855934.16","99.9","17","-858717.12"
"043778","Claymont City","201 N 3rd St","Dennison","OH","44621-1237","D+","B","244026.28","99.8","12","-338238.70"
"043802","Columbus City","1091 King Ave","Columbus","OH","43212-2204","D+","D","106967736.01","99.7","14","-116502612.67"
"044438","Napoleon Area City","701 Briarheath Ave Ste 108","Napoleon","OH","43545-1251","B-","B","287555.30","99.7","13","-320658.99"
"045005","Warrensville Heights City","4500 Warrensville Center Rd","Warrensville Heights","OH","44128-4134","D+","D","1781552.25","99.9","11","-3315395.87"
"048116","Avon Local","35573 Detroit Rd","Avon","OH","44011-1639","A-","B","353264.60","99.9","4","-544495.63"
"048447","River Valley Local","197 Brockelsby Road","Caledonia","OH","43314","C-","B","469553.00","99.8","12","-588405.26"
"044024","Galion City","470 Portland Way N","Galion","OH","44833-1115","B-","C","702684.82","100.0","20","-818460.75"
"044537","North Ridgeville City","5490 Mills Creek Ln","North Ridgeville","OH","44039-2339","B","B","1101938.58","99.9","14","-1225013.90"
"049213","Rootstown Local","4140 State Route 44","Rootstown","OH","44272-9697","C","B","308812.97","99.7","12","-293392.02"
"043984","Findlay City","1100 Broad Ave","Findlay","OH","45840-2651","B+","B","1700912.84","99.9","14","-1995133.20"
"047944","Rock Hill Local","2325A Co. Rd. 26","Ironton","OH","45638-8385","C","C","112739.11","99.7","15","-175750.29"
"050559","Green Local","PO Box 438","Smithville","OH","44677-0438","B-","B","187555.73","99.9","11","-181203.83"
"045435","Indian Hill Exempted Village","6855 Drake Rd","Cincinnati","OH","45243-2737","A-","A","114260.60","99.9","12","-143229.37"
"043976","Fairview Park City","21620 Mastick Rd # A","Fairview Park","OH","44126-3047","C","B","308314.74","100.0","18","-271257.46"
"047431","Cory-Rawson Local","3930 County Road 26","Rawson","OH","45881-9609","D+","C","121180.89","99.6","17","-133912.03"
"047829","Centerburg Local","119 S Preston St","Centerburg","OH","43011-7058","B","B","379957.20","99.7","15","-319408.66"
"046755","Buckeye Valley Local","679 Coover Rd","Delaware","OH","43015-9562","B+","B","612263.62","99.7","13","-601812.51"
"043505","Ashland City","PO Box 160","Ashland","OH","44805-0160","B","B","1055462.46","99.7","13","-1190101.01"
"046458","United Local","8143 State Route 9","Hanoverton","OH","44423-8618","C+","B","215234.01","99.9","15","-152872.09"
"044446","Nelsonville-York City","2 Buckeye Dr","Nelsonville","OH","45764-9591","D","B","170627.42","99.7","12","-171942.09"
"043877","Delaware City","248 N Washington St","Delaware","OH","43015-1649","B","B","1307675.90","99.9","13","-1422419.77"
"044321","Marietta City","111 Academy Dr","Marietta","OH","45750-8053","D","C","580791.42","99.9","16","-582273.11"
"050195","Liberty Local","4115 Shady Rd","Youngstown","OH","44505-1353","C+","C","304721.88","100.0","12","-337744.60"
"049569","Lakota Local","5200 County Road 13","Kansas","OH","44841-9617","B-","B","272580.28","100.0","13","-278224.74"
"048694","Trotwood-Madison City","3594 N Snyder Rd","Trotwood","OH","45426-3835","D-","D","5147658.68","99.6","16","-4995543.31"
"044925","Troy City","500 N Market St","Troy","OH","45373-1418","B-","B","641952.53","99.8","14","-642017.76"
"047795","Edison Local","14890 State Route 213","Hammondsville","OH","43930-7902","D","B","533713.90","99.9","22","-668646.98"
"045021","Wellston City","1 E Broadway St","Wellston","OH","45692-1225","D","C","263509.41","100.0","14","-359199.47"
"044842","Strongsville City","13200 Pearl Rd","Strongsville","OH","44136-3402","B","B","715221.91","99.8","9","-926453.10"
"047225","West Geauga Local","8615 Cedar Rd","Chesterland","OH","44026-3519","B","B","122354.93","99.9","12","-134665.18"
"049288","Preble Shawnee Local","124 Bloomfield St","Camden","OH","45311-1154","D+","B","210594.91","99.9","14","-219471.79"
"046235","Greenon Local","500 Enon Xenia Pike","Enon","OH","45323-1759","A","B","294896.64","100.0","13","-350992.10"
"045500","Milford Exempted Village","777 Garfield Ave","Milford","OH","45150-1607","B+","B","804981.68","99.8","13","-739346.23"
"045138","Worthington City","200 E Wilson Bridge Rd","Worthington","OH","43085-2332","A-","B","1663289.56","99.7","18","-1545983.56"
"047381","Southwest Local","230 S Elm St","Harrison","OH","45030-1444","A-","B","546582.84","99.9","19","-645697.65"
"050294","Strasburg-Franklin Local","140 N Bodmer Ave","Strasburg","OH","44680-1122","C","B","72897.32","100.0","16","-144899.92"
"043596","Bellevue City","125 North St","Bellevue","OH","44811-1423","C","B","378611.10","99.9","17","-423613.74"
"047894","Riverside Local","585 Riverside Dr","Painesville","OH","44077-5323","B","B","1302346.98","99.7","15","-1374683.10"
"047548","Conotton Valley Union Local","PO Box 187","Sherrodsville","OH","44675-0187","C","C","113000.15","99.9","14","-138293.37"
"050484","Fort Frye Local","PO Box 1149","Beverly","OH","45715-1149","C+","B","213579.51","100.0","20","-152783.49"
"046334","Felicity-Franklin Local","PO Box 619","Felicity","OH","45120-0619","C","C","328023.73","99.9","19","-254155.66"
"047365","Northwest Local","3240 Banning Rd","Cincinnati","OH","45239-5207","C-","C","2812342.93","99.8","14","-3263247.53"
"045294","Chesapeake Union Exempted Village","10183 County Road 1","Chesapeake","OH","45619-7032","D+","B","225857.36","99.7","11","-199105.64"
"046805","Margaretta Local","305 S Washington St","Castalia","OH","44824-9263","B-","B","246707.64","100.0","16","-374225.68"
"048397","Western Reserve Local","13850 W Akron Canfield Rd","Berlin Center","OH","44401-9752","A-","B","81570.43","100.0","16","-61305.45"
"047001","Reynoldsburg City","7244 E Main St","Reynoldsburg","OH","43068-2014","B-","B","3678992.84","99.8","13","-3544727.99"
"050120","Brookfield Local","614 Bedford Rd SE","Brookfield","OH","44403-9756","C-","B","227948.23","99.7","19","-256755.91"
"044669","Portsmouth City","724 Findlay St","Portsmouth","OH","45662-4113","C-","C","2894130.49","99.9","18","-3175816.73"
"044586","Oakwood City","20 Rubicon Rd","Dayton","OH","45409-2239","A-","A","58516.01","99.7","13","-81574.15"
"050682","Elmwood Local","7650 Jerry City Rd","Bloomdale","OH","44817-9763","B-","B","73303.68","99.9","16","-91846.16"
"048975","Put-In-Bay Local","PO Box 659","Put In Bay","OH","43456-0659","A-","B","5703.91","99.6","18","0.00"
"048363","South Range Local","11300 Columbiana Canfield Rd Ste B","Canfield","OH","44406-8485","B","B","161459.53","100.0","16","-164912.06"
"045344","Crestline Exempted Village","401 Heiser Ct","Crestline","OH","44827-1360","D","C","263558.47","99.9","16","-416858.47"
"050047","Nordonia Hills City","9370 Olde Eight Rd","Northfield","OH","44067","B+","B","420496.98","99.7","7","-356808.74"
"043653","Brooklyn City","9200 Biddulph Rd","Brooklyn","OH","44144-2614","D+","C","417883.26","99.7","6","-571112.87"
"044743","Sandusky City","407 Decatur St","Sandusky","OH","44870-2442","D-","C","1402192.49","99.8","18","-1095762.51"
"044214","Lebanon City","700 Holbrook Ave","Lebanon","OH","45036-1648","B-","B","1350939.37","99.8","11","-1331679.43"
"045187","Ada Exempted Village","725 W North Ave","Ada","OH","45810-1176","B","B","184509.73","99.7","11","-166775.73"
"045229","Bradford Exempted Village","760 Railroad Ave","Bradford","OH","45308-8605","D+","C","102031.19","100.0","12","-70612.50"
"046243","Tecumseh Local","9760 W National Rd","New Carlisle","OH","45344-9290","C","B","526944.18","99.9","17","-651741.42"
"049601","Clay Local","44 Clay High St","Portsmouth","OH","45662-8817","D+","B","120595.61","99.7","12","-87383.78"
"047092","Swanton Local","108 N Main St","Swanton","OH","43558-1032","B","B","320630.76","99.6","19","-189608.26"
"049767","Botkins Local","PO Box 550","Botkins","OH","45306-0550","B","B","20819.28","100.0","17","-35358.90"
"045591","Rittman Exempted Village","100 Saurer St","Rittman","OH","44270-1259","C-","B","357508.96","99.7","17","-330063.22"
"044503","North Canton City","525 7th St NE","North Canton","OH","44720-2012","B","B","361917.65","99.9","13","-491393.31"
"048801","Highland Local","6506 State Route 229","Marengo","OH","43334-0098","C","B","514693.85","99.9","11","-457933.61"
"049940","Sandy Valley Local","5362 State Route 183 NE","Magnolia","OH","44643-8481","B","B","166367.71","99.9","16","-153378.33"
"045914","Federal Hocking Local","PO Box 117","Stewart","OH","45778-0117","D","C","290696.46","99.9","11","-315128.96"
"091397","Tri-County North Local","PO Box 40","Lewisburg","OH","45338-0040","D","B","123545.22","99.8","26","-121657.88"
"048413","Elgin Local","4616 Larue Prospect Rd W","Marion","OH","43302-8859","C","C","368455.16","99.8","17","-434443.02"
"048140","Columbia Local","25796 Royalton Rd","Columbia Station","OH","44028-9441","B","B","204398.90","99.6","13","-262081.28"
"049783","Fort Loramie Local","PO Box 26","Fort Loramie","OH","45845-0026","A-","A","29682.15","100.0","18","-52943.97"
"043737","Centerville City","111 Virginia Ave","Centerville","OH","45458-2249","B+","B","811297.34","99.8","13","-719348.97"
"046359","West Clermont Local","4350 Aicholtz Rd","Cincinnati","OH","45245-1505","C","B","2091228.19","99.7","15","-2091859.36"
"049866","Lake Local","436 King Church Ave SW","Uniontown","OH","44685-8220","B-","B","275038.86","99.7","12","-327749.81"
"044107","Hamilton City","PO Box 627","Hamilton","OH","45012-0627","D","C","3366547.80","99.7","11","-3710746.41"
"048090","Riverside Local","2096 County Road 24 S","De Graff","OH","43318-9406","D+","C","145612.36","100.0","22","-139395.70"
"050633","Millcreek-West Unity Local","1401 W Jackson St","West Unity","OH","43570-9465","D+","B","82870.18","100.0","28","-97688.85"
"044065","Girard City","704 E Prospect St","Girard","OH","44420-2330","B+","B","418074.20","99.8","15","-395032.94"
"047076","Pettisville Local","Box 53001","Pettisville","OH","43553-0001","C+","B","44455.28","100.0","28","-15303.00"
"050070","Twinsburg City","11136 Ravenna Rd","Twinsburg","OH","44087-1022","B+","B","338929.28","99.9","4","-283949.89"
"047167","Berkshire Local","PO Box 364","Burton","OH","44021-0364","B","B","284577.26","100.0","17","-332671.48"
"045823","Hillsdale Local","485 Township Road 1902","Jeromesville","OH","44840-9754","B","B","224384.91","100.0","18","-174087.65"
"045765","Bath Local","2650 Bible Rd","Lima","OH","45801-2246","B","B","301288.65","99.9","15","-314695.66"
"044263","Lorain City","2350 Pole Ave","Lorain","OH","44052-4301","C+","D","13349744.96","99.7","17","-16613871.96"
"045047","Westerville City","936 Eastwind Dr Ste 200","Westerville","OH","43081-3319","B+","B","5160130.36","99.8","13","-5496428.29"
"050229","Mcdonald Local","600 Iowa Ave","Mc Donald","OH","44437-1677","B","B","54849.00","100.0","17","-40343.92"
"048736","Northridge Local","2011 Timber Ln","Dayton","OH","45414-4528","C-","C","1114193.70","99.8","16","-1206441.99"
"044081","Winton Woods City","1215 W Kemper Rd","Cincinnati","OH","45240-1617","C-","C","2309799.90","99.7","12","-2641281.80"
"046060","Western Brown Local","524 W Main St","Mount Orab","OH","45154-8262","B","B","466658.06","99.7","16","-518333.90"
"043547","Bay Village City","377 Dover Center Rd","Bay Village","OH","44140-2304","B+","A","142339.27","99.9","10","-149433.01"
"046383","Blanchester Local","951 Cherry St.","Blanchester","OH","45107-7846","C-","B","358909.25","99.8","12","-337441.03"
"050450","Mason City","211 N East St","Mason","OH","45040-1760","A","A","595599.65","99.8","12","-650768.52"
"044362","Maumee City","716 Askin St","Maumee","OH","43537-3602","B-","B","716281.03","99.7","18","-1006987.78"
"043786","Cleveland Municipal City","1111 Superior Ave E","Cleveland","OH","44114-2522","D","D","127132024.94","99.8","17","-141133983.91"
"043836","Cuyahoga Falls City","PO Box 396","Cuyahoga Falls","OH","44222-0396","C","B","1599188.35","99.7","14","-1762237.01"
"046144","Ross Local","3371 Hamilton Cleves Rd","Hamilton","OH","45013-9535","B","B","312040.30","99.8","13","-314944.59"
"043935","Eaton Community City","307 N Cherry St","Eaton","OH","45320-1855","B","B","407869.86","100.0","19","-438471.65"
"047472","Vanlue Local","PO Box 250","Vanlue","OH","45890-0250","C","B","1026.70","100.0","12","-6779.10"
"048025","North Fork Local","PO Box 497","Utica","OH","43080-0497","C+","B","552661.24","99.7","14","-464832.90"
"044560","Norwalk City","134 Benedict Ave","Norwalk","OH","44857-2349","B","B","640495.58","100.0","13","-838172.47"
"044966","Van Wert City","205 W Crawford St","Van Wert","OH","45891-1903","C+","B","527422.06","99.9","17","-535078.12"
"044404","Middletown City","1 Donham Plz 4th Fl","Middletown","OH","45042-1932","C","C","5518059.56","99.7","14","-6854950.71"
"050096","Bloomfield-Mespo Local","2077 Park Rd W","North Bloomfield","OH","44450-0730","B+","B","63192.73","100.0","13","-78921.57"
"044883","Tallmadge City","486 East Ave","Tallmadge","OH","44278-2000","B+","B","548705.17","99.9","8","-608230.55"
"047597","Patrick Henry Local","6900 State Route 18","Hamler","OH","43524-9781","B","B","102804.22","99.6","11","-88130.22"
"045997","St Clairsville-Richland City","108 Woodrow Ave","Saint Clairsville","OH","43950-1567","B+","B","154319.38","99.9","15","-143606.88"
"047696","West Holmes Local","28 W Jackson St","Millersburg","OH","44654-1302","C","B","344324.97","99.9","11","-350538.16"
"050252","Weathersfield Local","1334 Seaborn St","Mineral Ridge","OH","44440-9571","A-","B","135501.23","100.0","12","-189166.61"
"045542","Newcomerstown Exempted Village","702 S River St","Newcomerstown","OH","43832-1450","B-","B","138224.22","99.8","14","-141569.75"
"045468","Loudonville-Perrysville Exempted Village","210 E Main St","Loudonville","OH","44842-1245","D+","B","290332.29","99.8","18","-279694.48"
"046706","Ayersville Local","28046 Watson Rd","Defiance","OH","43512-8851","B-","B","24070.50","100.0","20","-13558.20"
"048579","Parkway Local","400 Buckeye St","Rockford","OH","45882-9267","C+","B","78364.52","99.7","18","-89099.05"
"047506","Ridgemont Local","PO Box 86","Ridgeway","OH","43345-0086","C-","B","76986.01","99.8","7","-87159.93"
"047266","Greeneview Local","4 S Charleston Rd","Jamestown","OH","45335-1557","B","B","184472.17","99.9","15","-239296.13"
"044313","Mariemont City","2 Warrior Way","Cincinnati","OH","45227-3600","B","A","86025.64","99.9","21","-49887.90"
"043497","Alliance City","200 Glamorgan St","Alliance","OH","44601-2946","D","C","752346.30","99.7","11","-863279.45"
"047464","Van Buren Local","217 S Main St","Van Buren","OH","45889-9720","C+","B","138845.58","99.9","13","-107195.96"
"043943","Elyria City","42101 Griswold Rd","Elyria","OH","44035-2117","D+","C","6541633.58","99.8","14","-6712282.44"
"046680","Tri-Village Local","315 S Main St","New Madison","OH","45346-9797","B-","B","113623.74","100.0","14","-86263.77"
"049221","Southeast Local","8245 Tallmadge Rd","Ravenna","OH","44266-8547","B+","B","346344.48","100.0","18","-284819.14"
"049189","Crestwood Local","4565 W Prospect St","Mantua","OH","44255-9103","B-","B","370695.82","99.9","16","-393489.43"
"049635","Northwest Local","800 Mohawk Dr","Mc Dermott","OH","45652-9000","C","C","245879.38","100.0","17","-195677.08"
"046961","Gahanna-Jefferson City","160 S Hamilton Rd","Gahanna","OH","43230-2919","A-","B","2120617.42","99.7","19","-1439701.28"
"044701","Rocky River City","1101 Morewood Pkwy","Rocky River","OH","44116-1439","A-","A","179643.46","99.8","16","-217851.24"
"050005","Manchester Local","6075 Manchester Rd","Akron","OH","44319-4654","B","B","225059.97","99.8","13","-304318.28"
"045799","Shawnee Local","3255 Zurmehly Rd","Lima","OH","45806-1434","C+","B","479180.62","100.0","13","-517821.78"
"043695","Cambridge City","6111 Fairdale Dr","Cambridge","OH","43725-8865","C","C","652106.58","99.8","17","-638502.88"
"044818","Springfield City","1500 W Jefferson St","Springfield","OH","45506-1224","C+","D","5846919.86","99.6","15","-6338846.51"
"045260","Carey Exempted Village","357 E South St","Carey","OH","43316-1273","C","B","100962.69","99.9","16","-108554.97"
"046565","Independence Local","7733 Stone Rd","Independence","OH","44131-4813","A-","A","29910.30","99.7","13","-34340.25"
"048322","Jackson-Milton Local","13910 Mahoning Ave","North Jackson","OH","44451-9616","C","B","143334.59","100.0","17","-155792.57"
"046367","Williamsburg Local","549A W Main St","Williamsburg","OH","45176-1110","C","B","230649.56","99.9","18","-305606.78"
"045492","Mentor Exempted Village","6451 Center St","Mentor","OH","44060-4109","C+","B","907012.01","99.7","14","-1096539.04"
"047217","Newbury Local","14775 Auburn Rd","Newbury","OH","44065-9702","C","B","141875.19","99.6","15","-149257.24"
"049528","Southeastern Local","2003 Lancaster Rd","Chillicothe","OH","45601-9092","C+","B","205260.14","100.0","12","-294525.51"
"046201","Triad Local","7920 Brush Lake Rd","North Lewisburg","OH","43060-9617","C+","B","185075.92","100.0","16","-177198.53"
"049130","Scioto Valley Local","PO Box 600","Piketon","OH","45661-0600","B-","C","252794.45","99.8","15","-276938.70"
"045146","Wyoming City","420 Springfield Pike","Wyoming","OH","45215-4298","A","A","101742.64","99.9","16","-56111.26"
"049353","Leipsic Local","232 Oak St","Leipsic","OH","45856-1312","B-","B","34758.63","100.0","22","-44381.82"
"048926","Benton Carroll Salem Local","11685 W State Route 163","Oak Harbor","OH","43449-1278","B","B","136137.57","99.7","16","-152505.49"
"049452","Madison Local","1379 Grace St","Mansfield","OH","44905-2742","B","B","1343415.85","99.9","14","-1405597.34"
"049981","Copley-Fairlawn City","3797 Ridgewood Rd","Copley","OH","44321-1665","A","B","327305.03","99.7","14","-372546.05"
"048512","Eastern Local","50008 State Route 681","Reedsville","OH","45772-9022","C+","C","100305.58","100.0","16","-120674.07"
"050674","Eastwood Local","4800 Sugar Ridge Rd","Pemberville","OH","43450-9626","B","B","149259.50","100.0","17","-155169.02"
"044222","Lima City","755 Saint Johns Ave","Lima","OH","45804-1552","D-","D","3388274.11","99.7","14","-3088151.02"
"043604","Belpre City","2014 Rockland Ave","Belpre","OH","45714-1118","D","C","242730.79","100.0","6","-276398.11"
"044149","Ironton City","105 S 5th St","Ironton","OH","45638-1426","B","B","199754.94","99.7","17","-308540.05"
"045088","Wickliffe City","2221 Rockefeller Rd","Wickliffe","OH","44092-2020","B","B","207360.63","99.7","18","-313045.68"
"050179","Joseph Badger Local","7119 State Route 7","Kinsman","OH","44428-9788","C","B","250891.60","100.0","21","-128146.16"
"044636","Parma City","5311 Longwood Avenue","Parma","OH","44134-0932","C-","C","8150551.49","99.7","13","-9196091.05"
"047043","Archbold-Area Local","600 Lafayette St","Archbold","OH","43502-1656","B+","B","68925.05","99.9","22","-95905.35"
"046847","Amanda-Clearcreek Local","328 E Main St","Amanda","OH","43102-9330","C+","B","249449.53","99.7","13","-296524.61"
"048355","Sebring Local","510 N 14th St","Sebring","OH","44672-1400","C","B","162048.12","99.6","15","-134117.33"
"045310","Coldwater Exempted Village","310 N 2nd St","Coldwater","OH","45828-1242","B","B","22872.68","99.9","16","-12732.61"
"045641","Wauseon Exempted Village","126 S Fulton St","Wauseon","OH","43567-1350","C","B","351542.48","99.9","21","-226431.52"
"045864","Grand Valley Local","111 Grand Valley Ave West","Orwell","OH","44076-9420","D+","B","366853.31","99.6","17","-448856.37"
"048173","Midview Local","13050 Durkee Rd","Grafton","OH","44044-1122","B+","B","836715.59","99.7","17","-829008.27"
"048074","Benjamin Logan Local","4740 County Road 26","Bellefontaine","OH","43311-9532","C+","B","195836.91","100.0","16","-132720.60"
"046102","Fairfield City","4641 Bach Ln","Fairfield","OH","45014-1900","B-","B","1465167.21","99.7","14","-1643744.49"
"048991","Antwerp Local","303 S. Harrmann Rd","Antwerp","OH","45813","C+","B","173708.45","100.0","16","-141168.25"
"048587","St Henry Consolidated Local","391 E Columbus St","Saint Henry","OH","45883-9574","C+","B","30126.70","99.9","20","-16143.74"
"049916","Osnaburg Local","310 Browning Ct N","East Canton","OH","44730-1248","C","B","131913.82","99.9","17","-116657.36"
"048850","Maysville Local","3715 Panther Dr","Zanesville","OH","43701-7086","C","C","460412.83","100.0","13","-627768.48"
"049858","Jackson Local","7602 Fulton Dr NW","Massillon","OH","44646-9393","A","A","587944.66","99.9","13","-579070.00"
"044032","Gallipolis City","61 State St","Gallipolis","OH","45631-1131","C-","B","281425.45","100.0","17","-281694.90"
"043745","Chillicothe City","425 Yoctangee Pkwy","Chillicothe","OH","45601-1663","D+","C","523454.74","99.8","16","-597484.28"
"044529","North Olmsted City","27425 Butternut Ridge Rd","North Olmsted","OH","44070-3154","B+","B","560606.92","99.7","15","-633264.50"
"045120","Wooster City","144 N Market St","Wooster","OH","44691-4810","C","B","718004.37","99.8","14","-753201.73"
"044685","Ravenna City","507 E Main St","Ravenna","OH","44266-3257","B-","C","619137.89","99.7","11","-713198.82"
"045039","Wellsville Local","929 Center St","Wellsville","OH","43968-1423","C","B","246150.80","100.0","11","-255436.59"
"044131","Huron City","712 Cleveland Rd E","Huron","OH","44839-1871","A","B","155083.26","100.0","15","-177578.41"
"050211","Maplewood Local","2414 Greenville Rd","Cortland","OH","44410-9648","A","A","167816.91","100.0","16","-162971.03"
"050351","Crestview Local","531 E Tully St","Convoy","OH","45832-8864","B","B","81416.54","99.9","14","-75611.89"
"043992","Fostoria City","1001 Park Ave","Fostoria","OH","44830-1455","D+","C","720081.49","99.9","13","-799879.69"
"047951","South Point Local","302 High St","South Point","OH","45680","D+","C","315786.57","100.0","13","-467862.15"
"047084","Pike-Delta-York Local","504 Fernwood St","Delta","OH","43515-1204","B","B","167460.66","100.0","26","-163716.27"
"050567","Norwayne Local","350 S Main St","Creston","OH","44217-9665","B+","B","170121.42","100.0","15","-178827.46"
"045427","Hubbard Exempted Village","108 Orchard Ave","Hubbard","OH","44425-1724","C","B","333894.71","99.9","17","-282491.25"
"047423","Arlington Local","PO Box 260","Arlington","OH","45814-0260","C+","B","40668.88","100.0","17","-33375.93"
"043901","East Cleveland City","1843 Stanwood Rd","East Cleveland","OH","44112-2901","D","D","4063936.09","99.5","16","-4172936.90"
"046425","Beaver Local","13093 State Route 7","Lisbon","OH","44432-9559","B","B","501565.97","99.7","14","-471199.00"
"046037","Eastern Local","11479 US Highway 62","Winchester","OH","45697-9690","C+","B","236673.87","100.0","20","-207393.37"
"043513","Ashtabula Area City","2630 W 13th St","Ashtabula","OH","44004-2405","D","C","901968.48","99.7","16","-950201.60"
"048777","Morgan Local","PO Box 509","Mc Connelsville","OH","43756-0509","B","B","419762.44","99.9","15","-412702.75"
"043869","Defiance City","629 Arabella St","Defiance","OH","43512-2856","D-","C","270055.79","99.8","17","-283826.67"
"044453","Newark City","621 Mount Vernon Rd","Newark","OH","43055-4615","C+","B","4595745.07","99.9","13","-4619646.54"
"044354","Massillon City","930 17th St NE","Massillon","OH","44646-4853","C","C","1457929.26","99.9","16","-1403405.41"
"049577","Woodmore Local","PO Box 701","Elmore","OH","43416-0701","C","B","137846.46","99.6","12","-176143.28"
"044859","Struthers City","99 Euclid Ave","Struthers","OH","44471-1831","B-","B","496455.35","100.0","15","-580149.43"
"050328","Fairbanks Local","11158 State Route 38","Milford Center","OH","43045-9764","B-","B","209655.05","99.7","16","-225353.22"
"044917","Toronto City","1307 Dennis Way","Toronto","OH","43964-1952","C-","C","121600.34","99.6","20","-122803.53"
"045518","Milton-Union Exempted Village","7610 Milton Potsdam Rd","West Milton","OH","45383-9602","C","B","213843.03","99.7","17","-252223.61"
"049171","Aurora City","102 E Garfield Rd","Aurora","OH","44202-8854","A","A","83134.49","99.7","15","-170761.49"
"047399","Three Rivers Local","401 N Miami Ave","Cleves","OH","45002-1024","B","B","266367.13","99.7","16","-253226.40"
"046631","Arcanum-Butler Local","2011 Trojan Ave","Arcanum","OH","45304-1381","B+","B","135551.03","99.9","16","-123391.71"
"045104","Willoughby-Eastlake City","37047 Ridge Rd","Willoughby","OH","44094-4130","B+","B","1109406.15","99.6","7","-1368487.38"
"047258","Cedar Cliff Local","PO Box 45","Cedarville","OH","45314-0045","B-","B","130245.02","100.0","19","-109955.52"
"045450","Lisbon Exempted Village","317 N Market St","Lisbon","OH","44432-1145","B","B","105177.85","99.8","19","-180552.43"
"050286","Indian Valley Local","PO Box 171","Gnadenhutten","OH","44629-0171","C+","B","266749.75","100.0","16","-273620.18"
"047845","East Knox Local","23201 Coshocton Rd","Howard","OH","43028-9362","C+","B","401719.06","99.9","16","-377845.40"
"047886","Madison Local","1956 Red Bird Rd","Madison","OH","44057-2122","B","B","427476.24","99.8","10","-706988.69"
"047498","Hardin Northern Local","11589 State Route 81","Dola","OH","45835-9706","D","C","93866.41","99.6","15","-82684.33"
"046326","Clermont Northeastern Local","2792 Us Highway 50","Batavia","OH","45103-8532","D+","B","385415.46","99.9","16","-294306.99"
"048389","West Branch Local","14277 S Main St","Beloit","OH","44609-9504","B+","B","295684.92","100.0","16","-357581.04"
"046953","Hamilton Local","775 Rathmell Rd","Columbus","OH","43207-4737","B+","B","1544203.77","99.6","8","-1525166.36"
"047373","Oak Hills Local","6325 Rapid Run Rd","Cincinnati","OH","45233-4555","A-","B","827589.15","99.7","10","-942417.20"
"045286","Chagrin Falls Exempted Village","400 E Washington St","Chagrin Falls","OH","44022-2924","B+","A","80488.14","99.7","20","-117006.27"
"049312","Columbus Grove Local","201 W Cross St","Columbus Grove","OH","45830-1237","B-","B","53380.36","99.7","9","-90625.27"
"046813","Perkins Local","3714 Campbell St Ste B","Sandusky","OH","44870-7232","D+","B","368017.57","99.7","7","-360830.95"
"049700","Hopewell-Loudon Local","PO Box 400","Bascom","OH","44809-0400","C","B","197328.00","99.7","19","-189457.93"
"048462","Black River Local","257A County Road 40","Sullivan","OH","44880-9731","B","B","363347.58","99.7","15","-383696.74"
"044677","Princeton City","3900 Cottingham Dr","Cincinnati","OH","45241-1616","D+","C","714889.46","99.7","12","-891487.44"
"050138","Champion Local","5759 Mahoning Ave NW","Warren","OH","44483-1139","A-","B","131611.86","99.9","8","-220030.87"
"045351","Crooksville Exempted Village","4065 School Drive","Crooksville","OH","43731-1013","D","C","253948.16","99.7","14","-241030.35"
"050039","Mogadore Local","1 S Cleveland Ave","Mogadore","OH","44260-1514","C+","B","86592.98","100.0","11","-101960.28"
"049387","Ottoville Local","PO Box 248","Ottoville","OH","45876-0248","B+","B","NA","100.0","23","-7570.60"
"048314","Canfield Local","100 Wadsworth St","Canfield","OH","44406-1451","A-","A","167874.36","99.9","17","-152477.45"
"045609","Rossford Exempted Village","601 Superior St","Rossford","OH","43460-1247","B-","B","264684.88","99.9","10","-396221.64"
"048256","Jefferson Local","906 W Main St","West Jefferson","OH","43162-1144","C","B","175336.10","100.0","14","-185426.71"
"044776","Shelby City","25 High School Ave","Shelby","OH","44875-1576","B-","B","297536.49","100.0","15","-340507.75"
"043646","Brecksville-Broadview Heights City","6638 Mill Rd","Brecksville","OH","44141-1512","A-","A","335781.06","99.9","11","-288488.70"
"046888","Liberty Union-Thurston Local","1108 S Main St","Baltimore","OH","43105-9700","B","B","156704.39","100.0","10","-178147.12"
"046920","Miami Trace Local","3818 State Route 41 NW","Washington Court House","OH","43160-9184","B","B","351127.34","99.8","13","-438127.65"
"046250","Northeastern Local","1414 Bowman Rd","Springfield","OH","45502-8826","B","B","487110.45","99.7","12","-470698.58"
"045195","Amherst Exempted Village","185 Forest St","Amherst","OH","44001-1605","A-","B","650563.21","99.8","15","-637062.71"
"045211","Bluffton Exempted Village","102 S Jackson St","Bluffton","OH","45817-1218","A-","A","86416.87","100.0","18","-62203.40"
"046557","Cuyahoga Heights Local","4820 E 71st St","Cuyahoga Heights","OH","44125-1043","B+","B","55749.02","99.9","26","-58107.21"
"049775","Fairlawn Local","18800 Johnston Rd","Sidney","OH","45365-9755","D+","B","35672.34","100.0","12","-27576.00"
